sequential_id|rdes|shift|route_type|id|des|sch|time|mean|diff|n|std
0143|EL PEÑUELO|Entrada|A|1|LA VENTURA|H1|19:00|||0|
0143|EL PEÑUELO|Entrada|A|1|LA VENTURA|H2|03:30|||0|
0143|EL PEÑUELO|Entrada|A|1|LA VENTURA|H3|15:30|||0|
0143|EL PEÑUELO|Entrada|A|1|LA VENTURA|H4|19:30|||0|
0143|EL PEÑUELO|Entrada|A|2|METALSA|H1|21:20|||0|
0143|EL PEÑUELO|Entrada|A|2|METALSA|H2|05:50|||0|
0143|EL PEÑUELO|Entrada|A|2|METALSA|H3|17:50|||0|
0143|EL PEÑUELO|Entrada|A|2|METALSA|H4|21:50|||0|
0029|EL PEÑUELO|Salida|N|1|METALSA|H1|15:30|||0|
0029|EL PEÑUELO|Salida|N|1|METALSA|H2|06:15|||0|
0029|EL PEÑUELO|Salida|N|1|METALSA|H3|18:15|||0|
0029|EL PEÑUELO|Salida|N|2|LA VENTURA|H1|17:50|||0|
0029|EL PEÑUELO|Salida|N|2|LA VENTURA|H2|08:35|||0|
0029|EL PEÑUELO|Salida|N|2|LA VENTURA|H3|20:35|||0|
0144|EL SALITRE|Entrada|A|1|SALITRE|H1|19:20|||0|
0144|EL SALITRE|Entrada|A|1|SALITRE|H2|03:50|||0|
0144|EL SALITRE|Entrada|A|1|SALITRE|H3|15:50|||0|
0144|EL SALITRE|Entrada|A|1|SALITRE|H4|19:50|||0|
0144|EL SALITRE|Entrada|A|2|BENITO JUAREZ|H1|19:25|||0|
0144|EL SALITRE|Entrada|A|2|BENITO JUAREZ|H2|03:55|||0|
0144|EL SALITRE|Entrada|A|2|BENITO JUAREZ|H3|15:55|||0|
0144|EL SALITRE|Entrada|A|2|BENITO JUAREZ|H4|19:55|||0|
0144|EL SALITRE|Entrada|A|3|EL MEZQUITE|H1|19:40|||0|
0144|EL SALITRE|Entrada|A|3|EL MEZQUITE|H2|04:10|||0|
0144|EL SALITRE|Entrada|A|3|EL MEZQUITE|H3|16:10|||0|
0144|EL SALITRE|Entrada|A|3|EL MEZQUITE|H4|20:10|||0|
0144|EL SALITRE|Entrada|A|4|PRESA DE LOS MUCHAHCOS|H1|19:55|||0|
0144|EL SALITRE|Entrada|A|4|PRESA DE LOS MUCHAHCOS|H2|04:25|||0|
0144|EL SALITRE|Entrada|A|4|PRESA DE LOS MUCHAHCOS|H3|16:25|||0|
0144|EL SALITRE|Entrada|A|4|PRESA DE LOS MUCHAHCOS|H4|20:25|||0|
0144|EL SALITRE|Entrada|A|5|AGUA NUEVA|H1|20:43|||0|
0144|EL SALITRE|Entrada|A|5|AGUA NUEVA|H2|05:13|||0|
0144|EL SALITRE|Entrada|A|5|AGUA NUEVA|H3|17:13|||0|
0144|EL SALITRE|Entrada|A|5|AGUA NUEVA|H4|21:13|||0|
0144|EL SALITRE|Entrada|A|6|METALSA|H1|21:20|||0|
0144|EL SALITRE|Entrada|A|6|METALSA|H2|05:50|||0|
0144|EL SALITRE|Entrada|A|6|METALSA|H3|17:50|||0|
0144|EL SALITRE|Entrada|A|6|METALSA|H4|21:50|||0|
0030|EL SALITRE|Salida|N|1|METALSA|H1|15:30|||0|
0030|EL SALITRE|Salida|N|1|METALSA|H2|06:15|||0|
0030|EL SALITRE|Salida|N|1|METALSA|H3|18:15|||0|
0030|EL SALITRE|Salida|N|2|AGUA NUEVA|H1|15:31|||0|
0030|EL SALITRE|Salida|N|2|AGUA NUEVA|H2|06:16|||0|
0030|EL SALITRE|Salida|N|2|AGUA NUEVA|H3|18:16|||0|
0030|EL SALITRE|Salida|N|3|PRESA DE LOS MUCHAHCOS|H1|16:55|||0|
0030|EL SALITRE|Salida|N|3|PRESA DE LOS MUCHAHCOS|H2|07:40|||0|
0030|EL SALITRE|Salida|N|3|PRESA DE LOS MUCHAHCOS|H3|19:40|19:31|9|1|0
0030|EL SALITRE|Salida|N|4|EL MEZQUITE|H1|17:10|||0|
0030|EL SALITRE|Salida|N|4|EL MEZQUITE|H2|07:55|||0|
0030|EL SALITRE|Salida|N|4|EL MEZQUITE|H3|19:55|18:59|56|1|0
0030|EL SALITRE|Salida|N|5|BENITO JUAREZ|H1|17:25|||0|
0030|EL SALITRE|Salida|N|5|BENITO JUAREZ|H2|08:10|||0|
0030|EL SALITRE|Salida|N|5|BENITO JUAREZ|H3|20:10|||0|
0030|EL SALITRE|Salida|N|6|SALITRE|H1|17:30|||0|
0030|EL SALITRE|Salida|N|6|SALITRE|H2|08:15|||0|
0030|EL SALITRE|Salida|N|6|SALITRE|H3|20:15|||0|
0128|LA HEDIONDA|Entrada|N|1|LAS ESPERANZAS|H1|20:00|||0|
0128|LA HEDIONDA|Entrada|N|1|LAS ESPERANZAS|H2|04:30|||0|
0128|LA HEDIONDA|Entrada|N|1|LAS ESPERANZAS|H3|16:30|16:25|5|1|0
0128|LA HEDIONDA|Entrada|N|1|LAS ESPERANZAS|H4|20:30|||0|
0128|LA HEDIONDA|Entrada|N|2|HEDIONDA|H1|20:20|||0|
0128|LA HEDIONDA|Entrada|N|2|HEDIONDA|H2|04:50|||0|
0128|LA HEDIONDA|Entrada|N|2|HEDIONDA|H3|16:50|16:55|-5|1|0
0128|LA HEDIONDA|Entrada|N|2|HEDIONDA|H4|20:50|||0|
0128|LA HEDIONDA|Entrada|N|3|METALSA|H1|21:20|||0|
0128|LA HEDIONDA|Entrada|N|3|METALSA|H2|05:50|||0|
0128|LA HEDIONDA|Entrada|N|3|METALSA|H3|17:50|17:41|9|1|0
0128|LA HEDIONDA|Entrada|N|3|METALSA|H4|21:50|||0|
0129|LA HEDIONDA|Salida|N|1|METALSA|H1|15:30|||0|
0129|LA HEDIONDA|Salida|N|1|METALSA|H2|06:15|06:23|-8|1|0
0129|LA HEDIONDA|Salida|N|1|METALSA|H3|18:15|||0|
0129|LA HEDIONDA|Salida|N|2|HEDIONDA|H1|16:30|||0|
0129|LA HEDIONDA|Salida|N|2|HEDIONDA|H2|07:15|||0|
0129|LA HEDIONDA|Salida|N|2|HEDIONDA|H3|19:15|||0|
0129|LA HEDIONDA|Salida|N|3|LAS ESPERANZAS|H1|16:50|||0|
0129|LA HEDIONDA|Salida|N|3|LAS ESPERANZAS|H2|07:35|||0|
0129|LA HEDIONDA|Salida|N|3|LAS ESPERANZAS|H3|19:35|||0|
0006|LA SAUCEDA|Entrada|N|1|LA SAUCEDA|H1|04:00|||0|
0006|LA SAUCEDA|Entrada|N|1|LA SAUCEDA|H2|16:00|16:02|-2|1|0
0006|LA SAUCEDA|Entrada|N|1|LA SAUCEDA|H3|19:30|||0|
0006|LA SAUCEDA|Entrada|N|1|LA SAUCEDA|H4|20:00|||0|
0006|LA SAUCEDA|Entrada|N|2|HIPOLITO|H1|04:15|||0|
0006|LA SAUCEDA|Entrada|N|2|HIPOLITO|H2|16:15|16:18|-3|1|0
0006|LA SAUCEDA|Entrada|N|2|HIPOLITO|H3|19:45|||0|
0006|LA SAUCEDA|Entrada|N|2|HIPOLITO|H4|20:15|||0|
0006|LA SAUCEDA|Entrada|N|3|SAN ANTONIO DEL JARAL|H1|04:32|||0|
0006|LA SAUCEDA|Entrada|N|3|SAN ANTONIO DEL JARAL|H2|16:32|16:40|-8|1|0
0006|LA SAUCEDA|Entrada|N|3|SAN ANTONIO DEL JARAL|H3|20:02|||0|
0006|LA SAUCEDA|Entrada|N|3|SAN ANTONIO DEL JARAL|H4|20:32|||0|
0006|LA SAUCEDA|Entrada|N|4|CASETA DE PLAN DE AYALA|H1|04:50|||0|
0006|LA SAUCEDA|Entrada|N|4|CASETA DE PLAN DE AYALA|H2|16:50|16:58|-8|1|0
0006|LA SAUCEDA|Entrada|N|4|CASETA DE PLAN DE AYALA|H3|20:20|||0|
0006|LA SAUCEDA|Entrada|N|4|CASETA DE PLAN DE AYALA|H4|20:42|||0|
0006|LA SAUCEDA|Entrada|N|5|METALSA|H1|05:50|05:45|5|1|0
0006|LA SAUCEDA|Entrada|N|5|METALSA|H2|17:50|17:40|10|1|0
0006|LA SAUCEDA|Entrada|N|5|METALSA|H3|21:20|||0|
0006|LA SAUCEDA|Entrada|N|5|METALSA|H4|21:50|||0|
0032|LA SAUCEDA|Salida|N|1|METALSA|H1|06:15|06:14|1|1|0
0032|LA SAUCEDA|Salida|N|1|METALSA|H2|15:30|||0|
0032|LA SAUCEDA|Salida|N|1|METALSA|H3|18:15|18:16|-1|1|0
0032|LA SAUCEDA|Salida|N|2|CASETA DE PLAN DE AYALA|H1|07:15|||0|
0032|LA SAUCEDA|Salida|N|2|CASETA DE PLAN DE AYALA|H2|16:30|||0|
0032|LA SAUCEDA|Salida|N|2|CASETA DE PLAN DE AYALA|H3|19:15|||0|
0032|LA SAUCEDA|Salida|N|3|SAN ANTONIO DEL JARAL|H1|07:33|||0|
0032|LA SAUCEDA|Salida|N|3|SAN ANTONIO DEL JARAL|H2|16:48|||0|
0032|LA SAUCEDA|Salida|N|3|SAN ANTONIO DEL JARAL|H3|19:33|||0|
0032|LA SAUCEDA|Salida|N|4|HIPOLITO|H1|07:50|||0|
0032|LA SAUCEDA|Salida|N|4|HIPOLITO|H2|17:05|||0|
0032|LA SAUCEDA|Salida|N|4|HIPOLITO|H3|19:50|||0|
0032|LA SAUCEDA|Salida|N|5|LA SAUCEDA|H1|08:05|||0|
0032|LA SAUCEDA|Salida|N|5|LA SAUCEDA|H2|17:20|||0|
0032|LA SAUCEDA|Salida|N|5|LA SAUCEDA|H3|20:05|||0|
0008|LOMA LINDA - URDIÑOLA|Entrada|N|1|MEZQUITE Y GORDOLOBO|H1|04:05|04:14|-9|1|0
0008|LOMA LINDA - URDIÑOLA|Entrada|N|1|MEZQUITE Y GORDOLOBO|H2|16:05|16:16|-11|1|0
0008|LOMA LINDA - URDIÑOLA|Entrada|N|1|MEZQUITE Y GORDOLOBO|H3|19:35|||0|
0008|LOMA LINDA - URDIÑOLA|Entrada|N|1|MEZQUITE Y GORDOLOBO|H4|20:05|||0|
0008|LOMA LINDA - URDIÑOLA|Entrada|N|2|MEZQUITE Y NUECES|H1|04:10|04:12|-2|1|0
0008|LOMA LINDA - URDIÑOLA|Entrada|N|2|MEZQUITE Y NUECES|H2|16:10|16:12|-2|1|0
0008|LOMA LINDA - URDIÑOLA|Entrada|N|2|MEZQUITE Y NUECES|H3|19:40|||0|
0008|LOMA LINDA - URDIÑOLA|Entrada|N|2|MEZQUITE Y NUECES|H4|20:10|||0|
0008|LOMA LINDA - URDIÑOLA|Entrada|N|3|BLVD SANTA LUCIA Y CALLE 7|H1|04:20|04:22|-2|1|0
0008|LOMA LINDA - URDIÑOLA|Entrada|N|3|BLVD SANTA LUCIA Y CALLE 7|H2|16:20|||0|
0008|LOMA LINDA - URDIÑOLA|Entrada|N|3|BLVD SANTA LUCIA Y CALLE 7|H3|19:50|||0|
0008|LOMA LINDA - URDIÑOLA|Entrada|N|3|BLVD SANTA LUCIA Y CALLE 7|H4|20:20|||0|
0008|LOMA LINDA - URDIÑOLA|Entrada|N|4|BLVD VALDES SANCHEZ Y (PLANTA LEAR)|H1|04:30|04:35|-5|1|0
0008|LOMA LINDA - URDIÑOLA|Entrada|N|4|BLVD VALDES SANCHEZ Y (PLANTA LEAR)|H2|16:30|16:34|-4|1|0
0008|LOMA LINDA - URDIÑOLA|Entrada|N|4|BLVD VALDES SANCHEZ Y (PLANTA LEAR)|H3|20:00|||0|
0008|LOMA LINDA - URDIÑOLA|Entrada|N|4|BLVD VALDES SANCHEZ Y (PLANTA LEAR)|H4|20:30|||0|
0008|LOMA LINDA - URDIÑOLA|Entrada|N|5|STA. GERTRUDIS Y STA. CECILIA (DEL ACUEDUCTO)|H1|04:32|04:31|1|1|0
0008|LOMA LINDA - URDIÑOLA|Entrada|N|5|STA. GERTRUDIS Y STA. CECILIA (DEL ACUEDUCTO)|H2|16:32|16:29|3|1|0
0008|LOMA LINDA - URDIÑOLA|Entrada|N|5|STA. GERTRUDIS Y STA. CECILIA (DEL ACUEDUCTO)|H3|20:02|||0|
0008|LOMA LINDA - URDIÑOLA|Entrada|N|5|STA. GERTRUDIS Y STA. CECILIA (DEL ACUEDUCTO)|H4|20:32|||0|
0008|LOMA LINDA - URDIÑOLA|Entrada|N|6|DEPOSITO DE AGUA FRACC PLAZA|H1|04:35|04:40|-5|1|0
0008|LOMA LINDA - URDIÑOLA|Entrada|N|6|DEPOSITO DE AGUA FRACC PLAZA|H2|16:35|16:39|-4|1|0
0008|LOMA LINDA - URDIÑOLA|Entrada|N|6|DEPOSITO DE AGUA FRACC PLAZA|H3|20:05|||0|
0008|LOMA LINDA - URDIÑOLA|Entrada|N|6|DEPOSITO DE AGUA FRACC PLAZA|H4|20:35|||0|
0008|LOMA LINDA - URDIÑOLA|Entrada|N|7|BLVD VALDES SANCHEZ Y BLVD MINERIA|H1|04:40|04:43|-3|1|0
0008|LOMA LINDA - URDIÑOLA|Entrada|N|7|BLVD VALDES SANCHEZ Y BLVD MINERIA|H2|16:40|16:42|-2|1|0
0008|LOMA LINDA - URDIÑOLA|Entrada|N|7|BLVD VALDES SANCHEZ Y BLVD MINERIA|H3|20:10|||0|
0008|LOMA LINDA - URDIÑOLA|Entrada|N|7|BLVD VALDES SANCHEZ Y BLVD MINERIA|H4|20:40|||0|
0008|LOMA LINDA - URDIÑOLA|Entrada|N|8|REFORMA Y URDIÑOLA|H1|04:50|04:51|-1|1|0
0008|LOMA LINDA - URDIÑOLA|Entrada|N|8|REFORMA Y URDIÑOLA|H2|16:50|16:52|-2|1|0
0008|LOMA LINDA - URDIÑOLA|Entrada|N|8|REFORMA Y URDIÑOLA|H3|20:20|||0|
0008|LOMA LINDA - URDIÑOLA|Entrada|N|8|REFORMA Y URDIÑOLA|H4|20:50|||0|
0008|LOMA LINDA - URDIÑOLA|Entrada|N|9|PROL. URDIÑOLA Y J. MERY|H1|04:55|04:58|-3|1|0
0008|LOMA LINDA - URDIÑOLA|Entrada|N|9|PROL. URDIÑOLA Y J. MERY|H2|16:55|17:01|-6|1|0
0008|LOMA LINDA - URDIÑOLA|Entrada|N|9|PROL. URDIÑOLA Y J. MERY|H3|20:25|||0|
0008|LOMA LINDA - URDIÑOLA|Entrada|N|9|PROL. URDIÑOLA Y J. MERY|H4|20:55|||0|
0008|LOMA LINDA - URDIÑOLA|Entrada|N|10|PROL URDIÑOLA Y PERIFERICO LEA|H1|05:00|05:02|-2|1|0
0008|LOMA LINDA - URDIÑOLA|Entrada|N|10|PROL URDIÑOLA Y PERIFERICO LEA|H2|17:00|17:07|-7|1|0
0008|LOMA LINDA - URDIÑOLA|Entrada|N|10|PROL URDIÑOLA Y PERIFERICO LEA|H3|20:30|||0|
0008|LOMA LINDA - URDIÑOLA|Entrada|N|10|PROL URDIÑOLA Y PERIFERICO LEA|H4|21:00|||0|
0008|LOMA LINDA - URDIÑOLA|Entrada|N|11|BLVD ANTONIO CARDENAS Y TEODORO SANCHEZ|H1|05:10|05:13|-3|1|0
0008|LOMA LINDA - URDIÑOLA|Entrada|N|11|BLVD ANTONIO CARDENAS Y TEODORO SANCHEZ|H2|17:10|17:23|-13|1|0
0008|LOMA LINDA - URDIÑOLA|Entrada|N|11|BLVD ANTONIO CARDENAS Y TEODORO SANCHEZ|H3|20:40|||0|
0008|LOMA LINDA - URDIÑOLA|Entrada|N|11|BLVD ANTONIO CARDENAS Y TEODORO SANCHEZ|H4|21:10|||0|
0008|LOMA LINDA - URDIÑOLA|Entrada|N|12|BLVD SANTA ELENA Y GUACALI|H1|05:20|05:22|-2|1|0
0008|LOMA LINDA - URDIÑOLA|Entrada|N|12|BLVD SANTA ELENA Y GUACALI|H2|17:20|17:31|-11|1|0
0008|LOMA LINDA - URDIÑOLA|Entrada|N|12|BLVD SANTA ELENA Y GUACALI|H3|20:50|||0|
0008|LOMA LINDA - URDIÑOLA|Entrada|N|12|BLVD SANTA ELENA Y GUACALI|H4|21:20|||0|
0008|LOMA LINDA - URDIÑOLA|Entrada|N|13|CARR. SALTILLO-ZACATECAS|H1|05:25|05:24|1|1|0
0008|LOMA LINDA - URDIÑOLA|Entrada|N|13|CARR. SALTILLO-ZACATECAS|H2|17:25|17:31|-6|1|0
0008|LOMA LINDA - URDIÑOLA|Entrada|N|13|CARR. SALTILLO-ZACATECAS|H3|20:55|||0|
0008|LOMA LINDA - URDIÑOLA|Entrada|N|13|CARR. SALTILLO-ZACATECAS|H4|21:25|||0|
0008|LOMA LINDA - URDIÑOLA|Entrada|N|14|METALSA|H1|05:50|05:46|4|1|0
0008|LOMA LINDA - URDIÑOLA|Entrada|N|14|METALSA|H2|17:50|17:43|7|1|0
0008|LOMA LINDA - URDIÑOLA|Entrada|N|14|METALSA|H3|21:20|||0|
0008|LOMA LINDA - URDIÑOLA|Entrada|N|14|METALSA|H4|21:50|||0|
0034|LOMA LINDA - URDIÑOLA|Salida|N|1|METALSA|H1|06:15|06:16|-1|1|0
0034|LOMA LINDA - URDIÑOLA|Salida|N|1|METALSA|H2|15:30|||0|
0034|LOMA LINDA - URDIÑOLA|Salida|N|1|METALSA|H3|18:15|||0|
0034|LOMA LINDA - URDIÑOLA|Salida|N|2|CARR. SALTILLO-ZACATECAS|H1|06:29|||0|
0034|LOMA LINDA - URDIÑOLA|Salida|N|2|CARR. SALTILLO-ZACATECAS|H2|15:59|||0|
0034|LOMA LINDA - URDIÑOLA|Salida|N|2|CARR. SALTILLO-ZACATECAS|H3|18:29|||0|
0034|LOMA LINDA - URDIÑOLA|Salida|N|3|BLVD SANTA ELENA Y GUACALI|H1|06:30|06:30|0|1|0
0034|LOMA LINDA - URDIÑOLA|Salida|N|3|BLVD SANTA ELENA Y GUACALI|H2|16:00|||0|
0034|LOMA LINDA - URDIÑOLA|Salida|N|3|BLVD SANTA ELENA Y GUACALI|H3|18:30|||0|
0034|LOMA LINDA - URDIÑOLA|Salida|N|4|BLVD ANTONIO CARDENAS Y TEODORO SANCHEZ|H1|06:31|||0|
0034|LOMA LINDA - URDIÑOLA|Salida|N|4|BLVD ANTONIO CARDENAS Y TEODORO SANCHEZ|H2|16:01|||0|
0034|LOMA LINDA - URDIÑOLA|Salida|N|4|BLVD ANTONIO CARDENAS Y TEODORO SANCHEZ|H3|18:31|||0|
0034|LOMA LINDA - URDIÑOLA|Salida|N|5|PROL URDIÑOLA Y PERIFERICO LEA|H1|06:32|||0|
0034|LOMA LINDA - URDIÑOLA|Salida|N|5|PROL URDIÑOLA Y PERIFERICO LEA|H2|16:02|||0|
0034|LOMA LINDA - URDIÑOLA|Salida|N|5|PROL URDIÑOLA Y PERIFERICO LEA|H3|18:32|||0|
0034|LOMA LINDA - URDIÑOLA|Salida|N|6|PROL. URDIÑOLA Y J. MERY|H1|06:33|||0|
0034|LOMA LINDA - URDIÑOLA|Salida|N|6|PROL. URDIÑOLA Y J. MERY|H2|16:03|||0|
0034|LOMA LINDA - URDIÑOLA|Salida|N|6|PROL. URDIÑOLA Y J. MERY|H3|18:33|||0|
0034|LOMA LINDA - URDIÑOLA|Salida|N|7|REFORMA Y URDIÑOLA|H1|06:34|06:58|-24|1|0
0034|LOMA LINDA - URDIÑOLA|Salida|N|7|REFORMA Y URDIÑOLA|H2|16:04|||0|
0034|LOMA LINDA - URDIÑOLA|Salida|N|7|REFORMA Y URDIÑOLA|H3|18:34|||0|
0034|LOMA LINDA - URDIÑOLA|Salida|N|8|BLVD VALDES SANCHEZ Y BLVD MINERIA|H1|06:55|||0|
0034|LOMA LINDA - URDIÑOLA|Salida|N|8|BLVD VALDES SANCHEZ Y BLVD MINERIA|H2|16:10|||0|
0034|LOMA LINDA - URDIÑOLA|Salida|N|8|BLVD VALDES SANCHEZ Y BLVD MINERIA|H3|18:55|||0|
0034|LOMA LINDA - URDIÑOLA|Salida|N|9|DEPOSITO DE AGUA FRACC PLAZA|H1|07:00|||0|
0034|LOMA LINDA - URDIÑOLA|Salida|N|9|DEPOSITO DE AGUA FRACC PLAZA|H2|16:15|||0|
0034|LOMA LINDA - URDIÑOLA|Salida|N|9|DEPOSITO DE AGUA FRACC PLAZA|H3|19:00|||0|
0034|LOMA LINDA - URDIÑOLA|Salida|N|10|BLVD VALDES SANCHEZ Y (PLANTA LEAR)|H1|07:05|||0|
0034|LOMA LINDA - URDIÑOLA|Salida|N|10|BLVD VALDES SANCHEZ Y (PLANTA LEAR)|H2|16:20|||0|
0034|LOMA LINDA - URDIÑOLA|Salida|N|10|BLVD VALDES SANCHEZ Y (PLANTA LEAR)|H3|19:05|||0|
0034|LOMA LINDA - URDIÑOLA|Salida|N|11|BLVD SANTA LUCIA Y BLVD FUNDADORES|H1|07:15|||0|
0034|LOMA LINDA - URDIÑOLA|Salida|N|11|BLVD SANTA LUCIA Y BLVD FUNDADORES|H2|16:30|||0|
0034|LOMA LINDA - URDIÑOLA|Salida|N|11|BLVD SANTA LUCIA Y BLVD FUNDADORES|H3|19:15|||0|
0034|LOMA LINDA - URDIÑOLA|Salida|N|12|BLVD SANTA LUCIA Y CALLE 7|H1|07:16|||0|
0034|LOMA LINDA - URDIÑOLA|Salida|N|12|BLVD SANTA LUCIA Y CALLE 7|H2|16:31|||0|
0034|LOMA LINDA - URDIÑOLA|Salida|N|12|BLVD SANTA LUCIA Y CALLE 7|H3|19:16|||0|
0034|LOMA LINDA - URDIÑOLA|Salida|N|13|MEZQUITE Y NUECES|H1|07:25|||0|
0034|LOMA LINDA - URDIÑOLA|Salida|N|13|MEZQUITE Y NUECES|H2|16:40|||0|
0034|LOMA LINDA - URDIÑOLA|Salida|N|13|MEZQUITE Y NUECES|H3|19:25|||0|
0034|LOMA LINDA - URDIÑOLA|Salida|N|14|MEZQUITE Y GORDOLOBO|H1|07:30|07:16|14|1|0
0034|LOMA LINDA - URDIÑOLA|Salida|N|14|MEZQUITE Y GORDOLOBO|H2|16:45|||0|
0034|LOMA LINDA - URDIÑOLA|Salida|N|14|MEZQUITE Y GORDOLOBO|H3|19:30|||0|
0145|LOS HOYOS - MACUYU|Entrada|A|1|LOS HOYOS|H1|03:20|||0|
0145|LOS HOYOS - MACUYU|Entrada|A|1|LOS HOYOS|H2|15:20|||0|
0145|LOS HOYOS - MACUYU|Entrada|A|1|LOS HOYOS|H3|18:50|||0|
0145|LOS HOYOS - MACUYU|Entrada|A|1|LOS HOYOS|H4|19:20|||0|
0145|LOS HOYOS - MACUYU|Entrada|A|2|HUARICHE|H1|03:38|||0|
0145|LOS HOYOS - MACUYU|Entrada|A|2|HUARICHE|H2|15:38|||0|
0145|LOS HOYOS - MACUYU|Entrada|A|2|HUARICHE|H3|19:08|||0|
0145|LOS HOYOS - MACUYU|Entrada|A|2|HUARICHE|H4|19:38|||0|
0145|LOS HOYOS - MACUYU|Entrada|A|3|PRESA DE GUADALUPE|H1|04:08|||0|
0145|LOS HOYOS - MACUYU|Entrada|A|3|PRESA DE GUADALUPE|H2|16:08|||0|
0145|LOS HOYOS - MACUYU|Entrada|A|3|PRESA DE GUADALUPE|H3|19:38|||0|
0145|LOS HOYOS - MACUYU|Entrada|A|3|PRESA DE GUADALUPE|H4|20:08|||0|
0145|LOS HOYOS - MACUYU|Entrada|A|4|MACUYU|H1|04:14|||0|
0145|LOS HOYOS - MACUYU|Entrada|A|4|MACUYU|H2|16:14|||0|
0145|LOS HOYOS - MACUYU|Entrada|A|4|MACUYU|H3|19:44|||0|
0145|LOS HOYOS - MACUYU|Entrada|A|4|MACUYU|H4|20:14|||0|
0145|LOS HOYOS - MACUYU|Entrada|A|5|DOS DE ABRIL|H1|04:24|||0|
0145|LOS HOYOS - MACUYU|Entrada|A|5|DOS DE ABRIL|H2|16:24|||0|
0145|LOS HOYOS - MACUYU|Entrada|A|5|DOS DE ABRIL|H3|19:54|||0|
0145|LOS HOYOS - MACUYU|Entrada|A|5|DOS DE ABRIL|H4|20:24|||0|
0145|LOS HOYOS - MACUYU|Entrada|A|6|LA PAZ|H1|04:50|||0|
0145|LOS HOYOS - MACUYU|Entrada|A|6|LA PAZ|H2|16:50|||0|
0145|LOS HOYOS - MACUYU|Entrada|A|6|LA PAZ|H3|20:20|||0|
0145|LOS HOYOS - MACUYU|Entrada|A|6|LA PAZ|H4|20:50|||0|
0145|LOS HOYOS - MACUYU|Entrada|A|7|DERRAMADERO|H1|05:08|||0|
0145|LOS HOYOS - MACUYU|Entrada|A|7|DERRAMADERO|H2|17:08|||0|
0145|LOS HOYOS - MACUYU|Entrada|A|7|DERRAMADERO|H3|20:38|||0|
0145|LOS HOYOS - MACUYU|Entrada|A|7|DERRAMADERO|H4|21:08|||0|
0145|LOS HOYOS - MACUYU|Entrada|A|8|METALSA|H1|05:50|||0|
0145|LOS HOYOS - MACUYU|Entrada|A|8|METALSA|H2|17:50|||0|
0145|LOS HOYOS - MACUYU|Entrada|A|8|METALSA|H3|21:20|||0|
0145|LOS HOYOS - MACUYU|Entrada|A|8|METALSA|H4|21:50|||0|
0028|LOS HOYOS - MACUYU|Salida|N|1|METALSA|H1|15:30|||0|
0028|LOS HOYOS - MACUYU|Salida|N|1|METALSA|H2|06:15|06:15|0|1|0
0028|LOS HOYOS - MACUYU|Salida|N|1|METALSA|H3|18:15|18:16|-1|1|0
0028|LOS HOYOS - MACUYU|Salida|N|2|DERRAMADERO|H1|15:41|||0|
0028|LOS HOYOS - MACUYU|Salida|N|2|DERRAMADERO|H2|06:26|06:45|-19|1|0
0028|LOS HOYOS - MACUYU|Salida|N|2|DERRAMADERO|H3|18:26|18:41|-15|1|0
0028|LOS HOYOS - MACUYU|Salida|N|3|LA PAZ|H1|15:42|||0|
0028|LOS HOYOS - MACUYU|Salida|N|3|LA PAZ|H2|06:27|07:06|-39|1|0
0028|LOS HOYOS - MACUYU|Salida|N|3|LA PAZ|H3|18:27|19:02|-35|1|0
0028|LOS HOYOS - MACUYU|Salida|N|4|DOS DE ABRIL|H1|15:44|||0|
0028|LOS HOYOS - MACUYU|Salida|N|4|DOS DE ABRIL|H2|06:29|07:31|-62|1|0
0028|LOS HOYOS - MACUYU|Salida|N|4|DOS DE ABRIL|H3|18:29|19:27|-58|1|0
0028|LOS HOYOS - MACUYU|Salida|N|5|MACUYU|H1|15:45|||0|
0028|LOS HOYOS - MACUYU|Salida|N|5|MACUYU|H2|06:30|07:42|-72|1|0
0028|LOS HOYOS - MACUYU|Salida|N|5|MACUYU|H3|18:30|19:39|-69|1|0
0028|LOS HOYOS - MACUYU|Salida|N|6|PRESA DE GUADALUPE|H1|16:00|||0|
0028|LOS HOYOS - MACUYU|Salida|N|6|PRESA DE GUADALUPE|H2|06:31|07:47|-76|1|0
0028|LOS HOYOS - MACUYU|Salida|N|6|PRESA DE GUADALUPE|H3|18:35|19:39|-64|1|0
0028|LOS HOYOS - MACUYU|Salida|N|7|HUARICHE|H1|17:18|||0|
0028|LOS HOYOS - MACUYU|Salida|N|7|HUARICHE|H2|08:03|||0|
0028|LOS HOYOS - MACUYU|Salida|N|7|HUARICHE|H3|20:03|||0|
0028|LOS HOYOS - MACUYU|Salida|N|8|LOS HOYOS|H1|17:30|||0|
0028|LOS HOYOS - MACUYU|Salida|N|8|LOS HOYOS|H2|08:15|||0|
0028|LOS HOYOS - MACUYU|Salida|N|8|LOS HOYOS|H3|20:15|||0|
0011|OTILIO|Entrada|N|1|CALLE 23 Y CALLE 16|H1|04:25|04:26|-1|1|0
0011|OTILIO|Entrada|N|1|CALLE 23 Y CALLE 16|H2|16:25|16:27|-2|1|0
0011|OTILIO|Entrada|N|1|CALLE 23 Y CALLE 16|H3|19:55|||0|
0011|OTILIO|Entrada|N|1|CALLE 23 Y CALLE 16|H4|20:25|||0|
0011|OTILIO|Entrada|N|2|MARMOL Y EMILIANO ZAPATA|H1|04:27|04:32|-5|1|0
0011|OTILIO|Entrada|N|2|MARMOL Y EMILIANO ZAPATA|H2|16:27|16:34|-7|1|0
0011|OTILIO|Entrada|N|2|MARMOL Y EMILIANO ZAPATA|H3|19:57|||0|
0011|OTILIO|Entrada|N|2|MARMOL Y EMILIANO ZAPATA|H4|20:27|||0|
0011|OTILIO|Entrada|N|3|LIBERTAD Y OTILIO|H1|04:31|04:36|-5|1|0
0011|OTILIO|Entrada|N|3|LIBERTAD Y OTILIO|H2|16:31|16:38|-7|1|0
0011|OTILIO|Entrada|N|3|LIBERTAD Y OTILIO|H3|20:01|||0|
0011|OTILIO|Entrada|N|3|LIBERTAD Y OTILIO|H4|20:31|||0|
0011|OTILIO|Entrada|N|4|ONCEAVA Y ESCUADRON DE LA AVIACION|H1|04:42|04:43|-1|1|0
0011|OTILIO|Entrada|N|4|ONCEAVA Y ESCUADRON DE LA AVIACION|H2|16:42|16:45|-3|1|0
0011|OTILIO|Entrada|N|4|ONCEAVA Y ESCUADRON DE LA AVIACION|H3|20:12|||0|
0011|OTILIO|Entrada|N|4|ONCEAVA Y ESCUADRON DE LA AVIACION|H4|20:42|||0|
0011|OTILIO|Entrada|N|5|BLVD JUAREZ Y MIGUEL HIDALGO|H1|04:52|04:54|-2|1|0
0011|OTILIO|Entrada|N|5|BLVD JUAREZ Y MIGUEL HIDALGO|H2|16:52|16:55|-3|1|0
0011|OTILIO|Entrada|N|5|BLVD JUAREZ Y MIGUEL HIDALGO|H3|20:22|||0|
0011|OTILIO|Entrada|N|5|BLVD JUAREZ Y MIGUEL HIDALGO|H4|20:52|||0|
0011|OTILIO|Entrada|N|6|IGNACIO ALLENDE Y CALLE 13|H1|04:58|04:58|0|1|0
0011|OTILIO|Entrada|N|6|IGNACIO ALLENDE Y CALLE 13|H2|16:58|16:59|-1|1|0
0011|OTILIO|Entrada|N|6|IGNACIO ALLENDE Y CALLE 13|H3|20:28|||0|
0011|OTILIO|Entrada|N|6|IGNACIO ALLENDE Y CALLE 13|H4|20:58|||0|
0011|OTILIO|Entrada|N|7|LOMAS DE LOURDES Y LUIS PASTEUR|H1|05:06|05:06|0|1|0
0011|OTILIO|Entrada|N|7|LOMAS DE LOURDES Y LUIS PASTEUR|H2|17:06|17:06|0|1|0
0011|OTILIO|Entrada|N|7|LOMAS DE LOURDES Y LUIS PASTEUR|H3|20:36|||0|
0011|OTILIO|Entrada|N|7|LOMAS DE LOURDES Y LUIS PASTEUR|H4|21:06|||0|
0011|OTILIO|Entrada|N|8|CARR. SALTILLO-ZACATECAS|H1|05:15|05:17|-2|1|0
0011|OTILIO|Entrada|N|8|CARR. SALTILLO-ZACATECAS|H2|17:15|17:20|-5|1|0
0011|OTILIO|Entrada|N|8|CARR. SALTILLO-ZACATECAS|H3|20:45|||0|
0011|OTILIO|Entrada|N|8|CARR. SALTILLO-ZACATECAS|H4|21:15|||0|
0011|OTILIO|Entrada|N|9|METALSA|H1|05:50|05:39|11|1|0
0011|OTILIO|Entrada|N|9|METALSA|H2|17:50|17:35|15|1|0
0011|OTILIO|Entrada|N|9|METALSA|H3|21:20|||0|
0011|OTILIO|Entrada|N|9|METALSA|H4|21:50|||0|
0126|OTILIO|Salida|N|1|METALSA|H1|06:15|||0|
0126|OTILIO|Salida|N|1|METALSA|H2|15:30|||0|
0126|OTILIO|Salida|N|1|METALSA|H3|18:15|||0|
0126|OTILIO|Salida|N|2|CARR. SALTILLO-ZACATECAS|H1|06:50|||0|
0126|OTILIO|Salida|N|2|CARR. SALTILLO-ZACATECAS|H2|16:05|||0|
0126|OTILIO|Salida|N|2|CARR. SALTILLO-ZACATECAS|H3|18:50|||0|
0126|OTILIO|Salida|N|3|LOMAS DE LOURDES Y LUIS PASTEUR|H1|06:59|||0|
0126|OTILIO|Salida|N|3|LOMAS DE LOURDES Y LUIS PASTEUR|H2|16:14|||0|
0126|OTILIO|Salida|N|3|LOMAS DE LOURDES Y LUIS PASTEUR|H3|18:59|||0|
0126|OTILIO|Salida|N|4|IGNACIO ALLENDE Y CALLE 13|H1|07:07|||0|
0126|OTILIO|Salida|N|4|IGNACIO ALLENDE Y CALLE 13|H2|16:22|||0|
0126|OTILIO|Salida|N|4|IGNACIO ALLENDE Y CALLE 13|H3|19:07|||0|
0126|OTILIO|Salida|N|5|BLVD JUAREZ Y MIGUEL HIDALGO|H1|07:13|||0|
0126|OTILIO|Salida|N|5|BLVD JUAREZ Y MIGUEL HIDALGO|H2|16:28|||0|
0126|OTILIO|Salida|N|5|BLVD JUAREZ Y MIGUEL HIDALGO|H3|19:13|||0|
0126|OTILIO|Salida|N|6|ONCEAVA Y ESCUADRON DE LA AVIACION|H1|07:23|||0|
0126|OTILIO|Salida|N|6|ONCEAVA Y ESCUADRON DE LA AVIACION|H2|16:38|||0|
0126|OTILIO|Salida|N|6|ONCEAVA Y ESCUADRON DE LA AVIACION|H3|19:23|||0|
0126|OTILIO|Salida|N|7|LIBERTAD Y OTILIO|H1|07:34|||0|
0126|OTILIO|Salida|N|7|LIBERTAD Y OTILIO|H2|16:49|||0|
0126|OTILIO|Salida|N|7|LIBERTAD Y OTILIO|H3|19:34|||0|
0126|OTILIO|Salida|N|8|MARMOL Y EMILIANO ZAPATA|H1|07:38|||0|
0126|OTILIO|Salida|N|8|MARMOL Y EMILIANO ZAPATA|H2|16:53|||0|
0126|OTILIO|Salida|N|8|MARMOL Y EMILIANO ZAPATA|H3|19:38|||0|
0126|OTILIO|Salida|N|9|CALLE 23 Y CALLE 16|H1|07:40|||0|
0126|OTILIO|Salida|N|9|CALLE 23 Y CALLE 16|H2|16:55|||0|
0126|OTILIO|Salida|N|9|CALLE 23 Y CALLE 16|H3|19:40|||0|
0146|PARRAS CASETA|Entrada|A|1|RAMOS ARIZPE (PLAZA DEL RELOJ)|H1|18:30|||0|
0146|PARRAS CASETA|Entrada|A|1|RAMOS ARIZPE (PLAZA DEL RELOJ)|H2|03:00|||0|
0146|PARRAS CASETA|Entrada|A|1|RAMOS ARIZPE (PLAZA DEL RELOJ)|H3|15:00|||0|
0146|PARRAS CASETA|Entrada|A|1|RAMOS ARIZPE (PLAZA DEL RELOJ)|H4|19:00|||0|
0146|PARRAS CASETA|Entrada|A|2|HEROICO COLEGIO MILITAR Y MELCHOR OCAMPO (ALAMEDA)|H1|18:32|||0|
0146|PARRAS CASETA|Entrada|A|2|HEROICO COLEGIO MILITAR Y MELCHOR OCAMPO (ALAMEDA)|H2|03:02|||0|
0146|PARRAS CASETA|Entrada|A|2|HEROICO COLEGIO MILITAR Y MELCHOR OCAMPO (ALAMEDA)|H3|15:02|||0|
0146|PARRAS CASETA|Entrada|A|2|HEROICO COLEGIO MILITAR Y MELCHOR OCAMPO (ALAMEDA)|H4|19:02|||0|
0146|PARRAS CASETA|Entrada|A|3|FALCON Y FCO SARABIA (TORTILLERIA 4 CAMINO)|H1|18:40|||0|
0146|PARRAS CASETA|Entrada|A|3|FALCON Y FCO SARABIA (TORTILLERIA 4 CAMINO)|H2|03:10|||0|
0146|PARRAS CASETA|Entrada|A|3|FALCON Y FCO SARABIA (TORTILLERIA 4 CAMINO)|H3|15:10|||0|
0146|PARRAS CASETA|Entrada|A|3|FALCON Y FCO SARABIA (TORTILLERIA 4 CAMINO)|H4|19:10|||0|
0146|PARRAS CASETA|Entrada|A|4|OSCAR FLORES TAPIA y JAVIER MINA|H1|18:45|||0|
0146|PARRAS CASETA|Entrada|A|4|OSCAR FLORES TAPIA y JAVIER MINA|H2|03:15|||0|
0146|PARRAS CASETA|Entrada|A|4|OSCAR FLORES TAPIA y JAVIER MINA|H3|15:15|||0|
0146|PARRAS CASETA|Entrada|A|4|OSCAR FLORES TAPIA y JAVIER MINA|H4|19:15|||0|
0146|PARRAS CASETA|Entrada|A|5|CALZADA DEL MARQUEZ (OXXO GAS)|H1|18:50|||0|
0146|PARRAS CASETA|Entrada|A|5|CALZADA DEL MARQUEZ (OXXO GAS)|H2|03:20|||0|
0146|PARRAS CASETA|Entrada|A|5|CALZADA DEL MARQUEZ (OXXO GAS)|H3|15:20|||0|
0146|PARRAS CASETA|Entrada|A|5|CALZADA DEL MARQUEZ (OXXO GAS)|H4|19:20|||0|
0146|PARRAS CASETA|Entrada|A|6|16 DE SEPTIEMBRE (FABRICA DICKIES)|H1|18:57|||0|
0146|PARRAS CASETA|Entrada|A|6|16 DE SEPTIEMBRE (FABRICA DICKIES)|H2|03:27|||0|
0146|PARRAS CASETA|Entrada|A|6|16 DE SEPTIEMBRE (FABRICA DICKIES)|H3|15:27|||0|
0146|PARRAS CASETA|Entrada|A|6|16 DE SEPTIEMBRE (FABRICA DICKIES)|H4|19:27|||0|
0146|PARRAS CASETA|Entrada|A|7|EJIDO 28 AGOSTO|H1|19:25|||0|
0146|PARRAS CASETA|Entrada|A|7|EJIDO 28 AGOSTO|H2|03:55|||0|
0146|PARRAS CASETA|Entrada|A|7|EJIDO 28 AGOSTO|H3|15:55|||0|
0146|PARRAS CASETA|Entrada|A|7|EJIDO 28 AGOSTO|H4|19:55|||0|
0146|PARRAS CASETA|Entrada|A|8|KM 42|H1|19:45|||0|
0146|PARRAS CASETA|Entrada|A|8|KM 42|H2|04:15|||0|
0146|PARRAS CASETA|Entrada|A|8|KM 42|H3|16:15|||0|
0146|PARRAS CASETA|Entrada|A|8|KM 42|H4|20:15|||0|
0146|PARRAS CASETA|Entrada|A|9|EJIDO JALPA|H1|19:50|||0|
0146|PARRAS CASETA|Entrada|A|9|EJIDO JALPA|H2|04:20|||0|
0146|PARRAS CASETA|Entrada|A|9|EJIDO JALPA|H3|16:20|||0|
0146|PARRAS CASETA|Entrada|A|9|EJIDO JALPA|H4|20:20|||0|
0146|PARRAS CASETA|Entrada|A|10|METALSA|H1|21:20|||0|
0146|PARRAS CASETA|Entrada|A|10|METALSA|H2|05:50|||0|
0146|PARRAS CASETA|Entrada|A|10|METALSA|H3|17:50|||0|
0146|PARRAS CASETA|Entrada|A|10|METALSA|H4|21:50|||0|
0039|PARRAS CASETA|Salida|N|1|METALSA|H1|15:30|||0|
0039|PARRAS CASETA|Salida|N|1|METALSA|H2|06:15|||0|
0039|PARRAS CASETA|Salida|N|1|METALSA|H3|18:15|||0|
0039|PARRAS CASETA|Salida|N|2|EJIDO PAILA|H1|15:45|||0|
0039|PARRAS CASETA|Salida|N|2|EJIDO PAILA|H2|06:30|||0|
0039|PARRAS CASETA|Salida|N|2|EJIDO PAILA|H3|18:30|||0|
0039|PARRAS CASETA|Salida|N|3|KM 42|H1|15:50|||0|
0039|PARRAS CASETA|Salida|N|3|KM 42|H2|06:35|||0|
0039|PARRAS CASETA|Salida|N|3|KM 42|H3|18:35|||0|
0039|PARRAS CASETA|Salida|N|4|EJIDO 28 AGOSTO|H1|17:10|||0|
0039|PARRAS CASETA|Salida|N|4|EJIDO 28 AGOSTO|H2|07:55|||0|
0039|PARRAS CASETA|Salida|N|4|EJIDO 28 AGOSTO|H3|19:55|||0|
0039|PARRAS CASETA|Salida|N|5|16 DE SEPTIEMBRE (FABRICA DICKIES)|H1|17:45|||0|
0039|PARRAS CASETA|Salida|N|5|16 DE SEPTIEMBRE (FABRICA DICKIES)|H2|08:30|||0|
0039|PARRAS CASETA|Salida|N|5|16 DE SEPTIEMBRE (FABRICA DICKIES)|H3|20:30|||0|
0039|PARRAS CASETA|Salida|N|6|CALZADA DEL MARQUEZ (OXXO GAS)|H1|17:55|||0|
0039|PARRAS CASETA|Salida|N|6|CALZADA DEL MARQUEZ (OXXO GAS)|H2|08:40|09:01|-21|1|0
0039|PARRAS CASETA|Salida|N|6|CALZADA DEL MARQUEZ (OXXO GAS)|H3|20:40|||0|
0039|PARRAS CASETA|Salida|N|7|OSCAR FLORES TAPIA y JAVIER MINA|H1|18:00|||0|
0039|PARRAS CASETA|Salida|N|7|OSCAR FLORES TAPIA y JAVIER MINA|H2|08:45|08:59|-14|1|0
0039|PARRAS CASETA|Salida|N|7|OSCAR FLORES TAPIA y JAVIER MINA|H3|20:45|||0|
0039|PARRAS CASETA|Salida|N|8|FALCON Y FCO SARABIA (TORTILLERIA 4 CAMINO)|H1|18:05|||0|
0039|PARRAS CASETA|Salida|N|8|FALCON Y FCO SARABIA (TORTILLERIA 4 CAMINO)|H2|08:50|08:56|-6|1|0
0039|PARRAS CASETA|Salida|N|8|FALCON Y FCO SARABIA (TORTILLERIA 4 CAMINO)|H3|20:50|||0|
0039|PARRAS CASETA|Salida|N|9|HEROICO COLEGIO MILITAR Y MELCHOR OCAMPO (ALAMEDA)|H1|18:18|||0|
0039|PARRAS CASETA|Salida|N|9|HEROICO COLEGIO MILITAR Y MELCHOR OCAMPO (ALAMEDA)|H2|09:03|||0|
0039|PARRAS CASETA|Salida|N|9|HEROICO COLEGIO MILITAR Y MELCHOR OCAMPO (ALAMEDA)|H3|21:03|20:58|5|1|0
0039|PARRAS CASETA|Salida|N|10|RAMOS ARIZPE (PLAZA DEL RELOJ)|H1|18:20|||0|
0039|PARRAS CASETA|Salida|N|10|RAMOS ARIZPE (PLAZA DEL RELOJ)|H2|09:05|||0|
0039|PARRAS CASETA|Salida|N|10|RAMOS ARIZPE (PLAZA DEL RELOJ)|H3|21:05|21:01|4|1|0
0147|PARRAS LIBRE|Entrada|A|1|TACUBATA Y FRANCISCO I MADERO|H1|18:30|||0|
0147|PARRAS LIBRE|Entrada|A|1|TACUBATA Y FRANCISCO I MADERO|H2|03:00|||0|
0147|PARRAS LIBRE|Entrada|A|1|TACUBATA Y FRANCISCO I MADERO|H3|03:00|||0|
0147|PARRAS LIBRE|Entrada|A|1|TACUBATA Y FRANCISCO I MADERO|H4|15:00|||0|
0147|PARRAS LIBRE|Entrada|A|1|TACUBATA Y FRANCISCO I MADERO|H5|15:00||||
0147|PARRAS LIBRE|Entrada|A|1|TACUBATA Y FRANCISCO I MADERO|H6|19:05||||
0147|PARRAS LIBRE|Entrada|A|2|SANTA CATARINA Y VIESCA|H1|18:36|||0|
0147|PARRAS LIBRE|Entrada|A|2|SANTA CATARINA Y VIESCA|H2|03:06|||0|
0147|PARRAS LIBRE|Entrada|A|2|SANTA CATARINA Y VIESCA|H3|03:06|||0|
0147|PARRAS LIBRE|Entrada|A|2|SANTA CATARINA Y VIESCA|H4|15:06|||0|
0147|PARRAS LIBRE|Entrada|A|2|SANTA CATARINA Y VIESCA|H5|15:06||||
0147|PARRAS LIBRE|Entrada|A|2|SANTA CATARINA Y VIESCA|H6|19:09||||
0147|PARRAS LIBRE|Entrada|A|3|MANUEL ZAVALA Y MAR DE GALILEA|H1|18:50|||0|
0147|PARRAS LIBRE|Entrada|A|3|MANUEL ZAVALA Y MAR DE GALILEA|H2|03:20|||0|
0147|PARRAS LIBRE|Entrada|A|3|MANUEL ZAVALA Y MAR DE GALILEA|H3|03:20|||0|
0147|PARRAS LIBRE|Entrada|A|3|MANUEL ZAVALA Y MAR DE GALILEA|H4|15:20|||0|
0147|PARRAS LIBRE|Entrada|A|3|MANUEL ZAVALA Y MAR DE GALILEA|H5|15:20||||
0147|PARRAS LIBRE|Entrada|A|3|MANUEL ZAVALA Y MAR DE GALILEA|H6|19:11||||
0147|PARRAS LIBRE|Entrada|A|4|GENERAL CEPEDA Y RAMOS ARIZPE|H1|18:55|||0|
0147|PARRAS LIBRE|Entrada|A|4|GENERAL CEPEDA Y RAMOS ARIZPE|H2|03:25|||0|
0147|PARRAS LIBRE|Entrada|A|4|GENERAL CEPEDA Y RAMOS ARIZPE|H3|03:25|||0|
0147|PARRAS LIBRE|Entrada|A|4|GENERAL CEPEDA Y RAMOS ARIZPE|H4|15:25|||0|
0147|PARRAS LIBRE|Entrada|A|4|GENERAL CEPEDA Y RAMOS ARIZPE|H5|15:25||||
0147|PARRAS LIBRE|Entrada|A|4|GENERAL CEPEDA Y RAMOS ARIZPE|H6|19:14||||
0147|PARRAS LIBRE|Entrada|A|5|GENERAL CEPEDA Y COLIMA|H1|19:03|||0|
0147|PARRAS LIBRE|Entrada|A|5|GENERAL CEPEDA Y COLIMA|H2|03:33|||0|
0147|PARRAS LIBRE|Entrada|A|5|GENERAL CEPEDA Y COLIMA|H3|03:33|||0|
0147|PARRAS LIBRE|Entrada|A|5|GENERAL CEPEDA Y COLIMA|H4|15:33|||0|
0147|PARRAS LIBRE|Entrada|A|5|GENERAL CEPEDA Y COLIMA|H5|15:33||||
0147|PARRAS LIBRE|Entrada|A|5|GENERAL CEPEDA Y COLIMA|H6|19:15||||
0147|PARRAS LIBRE|Entrada|A|6|CAMINO GRAL. CEPEDA Y EJIDO PARRAS|H1|19:05|||0|
0147|PARRAS LIBRE|Entrada|A|6|CAMINO GRAL. CEPEDA Y EJIDO PARRAS|H2|03:35|||0|
0147|PARRAS LIBRE|Entrada|A|6|CAMINO GRAL. CEPEDA Y EJIDO PARRAS|H3|03:35|||0|
0147|PARRAS LIBRE|Entrada|A|6|CAMINO GRAL. CEPEDA Y EJIDO PARRAS|H4|15:35|||0|
0147|PARRAS LIBRE|Entrada|A|6|CAMINO GRAL. CEPEDA Y EJIDO PARRAS|H5|15:35||||
0147|PARRAS LIBRE|Entrada|A|6|CAMINO GRAL. CEPEDA Y EJIDO PARRAS|H6|19:17||||
0147|PARRAS LIBRE|Entrada|A|7|METALSA|H1|21:20|||0|
0147|PARRAS LIBRE|Entrada|A|7|METALSA|H2|05:50|||0|
0147|PARRAS LIBRE|Entrada|A|7|METALSA|H3|05:50|||0|
0147|PARRAS LIBRE|Entrada|A|7|METALSA|H4|17:50|||0|
0147|PARRAS LIBRE|Entrada|A|7|METALSA|H5|17:50||||
0147|PARRAS LIBRE|Entrada|A|7|METALSA|H6|21:50||||
0040|PARRAS LIBRE|Salida|N|1|METALSA|H1|15:30|||0|
0040|PARRAS LIBRE|Salida|N|1|METALSA|H2|06:15|00:06|369|1|0
0040|PARRAS LIBRE|Salida|N|1|METALSA|H3|06:15|00:18|357|1|0
0040|PARRAS LIBRE|Salida|N|1|METALSA|H4|18:15|00:18|357||0
0040|PARRAS LIBRE|Salida|N|1|METALSA|H5|18:15|00:18|357||0
0040|PARRAS LIBRE|Salida|N|2|CAMINO GRAL. CEPEDA Y EJIDO PARRAS|H1|17:45|||0|
0040|PARRAS LIBRE|Salida|N|2|CAMINO GRAL. CEPEDA Y EJIDO PARRAS|H2|08:30|00:09|501|1|0
0040|PARRAS LIBRE|Salida|N|2|CAMINO GRAL. CEPEDA Y EJIDO PARRAS|H3|08:30|00:20|490|1|0
0040|PARRAS LIBRE|Salida|N|2|CAMINO GRAL. CEPEDA Y EJIDO PARRAS|H4|20:30|00:20|490||0
0040|PARRAS LIBRE|Salida|N|2|CAMINO GRAL. CEPEDA Y EJIDO PARRAS|H5|20:30|00:20|490||0
0040|PARRAS LIBRE|Salida|N|3|GENERAL CEPEDA Y COLIMA|H1|17:47|||0|
0040|PARRAS LIBRE|Salida|N|3|GENERAL CEPEDA Y COLIMA|H2|08:32|||0|
0040|PARRAS LIBRE|Salida|N|3|GENERAL CEPEDA Y COLIMA|H3|08:32|00:20|492|1|0
0040|PARRAS LIBRE|Salida|N|3|GENERAL CEPEDA Y COLIMA|H4|20:32|00:20|492||0
0040|PARRAS LIBRE|Salida|N|3|GENERAL CEPEDA Y COLIMA|H5|20:32|00:20|492||0
0040|PARRAS LIBRE|Salida|N|4|GENERAL CEPEDA Y RAMOS ARIZPE|H1|17:55|||0|
0040|PARRAS LIBRE|Salida|N|4|GENERAL CEPEDA Y RAMOS ARIZPE|H2|08:40|||0|
0040|PARRAS LIBRE|Salida|N|4|GENERAL CEPEDA Y RAMOS ARIZPE|H3|08:40|00:20|500|1|0
0040|PARRAS LIBRE|Salida|N|4|GENERAL CEPEDA Y RAMOS ARIZPE|H4|20:40|00:20|500||0
0040|PARRAS LIBRE|Salida|N|4|GENERAL CEPEDA Y RAMOS ARIZPE|H5|20:40|00:20|500||0
0040|PARRAS LIBRE|Salida|N|5|MANUEL ZAVALA Y MAR DE GALILEA|H1|18:00|||0|
0040|PARRAS LIBRE|Salida|N|5|MANUEL ZAVALA Y MAR DE GALILEA|H2|08:45|||0|
0040|PARRAS LIBRE|Salida|N|5|MANUEL ZAVALA Y MAR DE GALILEA|H3|08:45|00:20|505|1|0
0040|PARRAS LIBRE|Salida|N|5|MANUEL ZAVALA Y MAR DE GALILEA|H4|20:45|00:20|505||0
0040|PARRAS LIBRE|Salida|N|5|MANUEL ZAVALA Y MAR DE GALILEA|H5|20:45|00:20|505||0
0040|PARRAS LIBRE|Salida|N|6|SANTA CATARINA Y VIESCA|H1|18:14|||0|
0040|PARRAS LIBRE|Salida|N|6|SANTA CATARINA Y VIESCA|H2|08:59|||0|
0040|PARRAS LIBRE|Salida|N|6|SANTA CATARINA Y VIESCA|H3|08:59|00:20|519|1|0
0040|PARRAS LIBRE|Salida|N|6|SANTA CATARINA Y VIESCA|H4|20:59|00:20|519||0
0040|PARRAS LIBRE|Salida|N|6|SANTA CATARINA Y VIESCA|H5|20:59|00:20|519||0
0040|PARRAS LIBRE|Salida|N|7|TACUBATA Y FRANCISCO I MADERO|H1|18:20|||0|
0040|PARRAS LIBRE|Salida|N|7|TACUBATA Y FRANCISCO I MADERO|H2|09:05|||0|
0040|PARRAS LIBRE|Salida|N|7|TACUBATA Y FRANCISCO I MADERO|H3|09:05|00:20|525|1|0
0040|PARRAS LIBRE|Salida|N|7|TACUBATA Y FRANCISCO I MADERO|H4|21:05|00:20|525||0
0040|PARRAS LIBRE|Salida|N|7|TACUBATA Y FRANCISCO I MADERO|H5|21:05|00:20|525||0
0148|PORVENIR - GENERAL CEPEDA|Entrada|A|1|PORVENIR|H1|03:45|||0|
0148|PORVENIR - GENERAL CEPEDA|Entrada|A|1|PORVENIR|H2|15:45|||0|
0148|PORVENIR - GENERAL CEPEDA|Entrada|A|1|PORVENIR|H3|19:15|||0|
0148|PORVENIR - GENERAL CEPEDA|Entrada|A|1|PORVENIR|H4|19:45|||0|
0148|PORVENIR - GENERAL CEPEDA|Entrada|A|2|GUELATAO|H1|03:50|||0|
0148|PORVENIR - GENERAL CEPEDA|Entrada|A|2|GUELATAO|H2|15:50|||0|
0148|PORVENIR - GENERAL CEPEDA|Entrada|A|2|GUELATAO|H3|19:20|||0|
0148|PORVENIR - GENERAL CEPEDA|Entrada|A|2|GUELATAO|H4|19:50|||0|
0148|PORVENIR - GENERAL CEPEDA|Entrada|A|3|BLVD, DIANA LAURA|H1|04:06|||0|
0148|PORVENIR - GENERAL CEPEDA|Entrada|A|3|BLVD, DIANA LAURA|H2|16:06|||0|
0148|PORVENIR - GENERAL CEPEDA|Entrada|A|3|BLVD, DIANA LAURA|H3|19:36|||0|
0148|PORVENIR - GENERAL CEPEDA|Entrada|A|3|BLVD, DIANA LAURA|H4|20:06|||0|
0148|PORVENIR - GENERAL CEPEDA|Entrada|A|4|MARIANO MATAMOROS|H1|04:09|||0|
0148|PORVENIR - GENERAL CEPEDA|Entrada|A|4|MARIANO MATAMOROS|H2|16:09|||0|
0148|PORVENIR - GENERAL CEPEDA|Entrada|A|4|MARIANO MATAMOROS|H3|19:39|||0|
0148|PORVENIR - GENERAL CEPEDA|Entrada|A|4|MARIANO MATAMOROS|H4|20:09|||0|
0148|PORVENIR - GENERAL CEPEDA|Entrada|A|5|LOS PRESIDENTES|H1|04:11|||0|
0148|PORVENIR - GENERAL CEPEDA|Entrada|A|5|LOS PRESIDENTES|H2|16:11|||0|
0148|PORVENIR - GENERAL CEPEDA|Entrada|A|5|LOS PRESIDENTES|H3|19:41|||0|
0148|PORVENIR - GENERAL CEPEDA|Entrada|A|5|LOS PRESIDENTES|H4|20:11|||0|
0148|PORVENIR - GENERAL CEPEDA|Entrada|A|6|MIGUEL HIDALGO|H1|04:16|||0|
0148|PORVENIR - GENERAL CEPEDA|Entrada|A|6|MIGUEL HIDALGO|H2|16:16|||0|
0148|PORVENIR - GENERAL CEPEDA|Entrada|A|6|MIGUEL HIDALGO|H3|19:46|||0|
0148|PORVENIR - GENERAL CEPEDA|Entrada|A|6|MIGUEL HIDALGO|H4|20:16|||0|
0148|PORVENIR - GENERAL CEPEDA|Entrada|A|7|BENITO JUAREZ|H1|04:19|||0|
0148|PORVENIR - GENERAL CEPEDA|Entrada|A|7|BENITO JUAREZ|H2|16:19|||0|
0148|PORVENIR - GENERAL CEPEDA|Entrada|A|7|BENITO JUAREZ|H3|19:49|||0|
0148|PORVENIR - GENERAL CEPEDA|Entrada|A|7|BENITO JUAREZ|H4|20:19|||0|
0148|PORVENIR - GENERAL CEPEDA|Entrada|A|8|SAN JOSE|H1|04:50|||0|
0148|PORVENIR - GENERAL CEPEDA|Entrada|A|8|SAN JOSE|H2|16:50|||0|
0148|PORVENIR - GENERAL CEPEDA|Entrada|A|8|SAN JOSE|H3|20:20|||0|
0148|PORVENIR - GENERAL CEPEDA|Entrada|A|8|SAN JOSE|H4|20:50|||0|
0148|PORVENIR - GENERAL CEPEDA|Entrada|A|9|RANCHO NUEVO|H1|05:00|||0|
0148|PORVENIR - GENERAL CEPEDA|Entrada|A|9|RANCHO NUEVO|H2|17:00|||0|
0148|PORVENIR - GENERAL CEPEDA|Entrada|A|9|RANCHO NUEVO|H3|20:30|||0|
0148|PORVENIR - GENERAL CEPEDA|Entrada|A|9|RANCHO NUEVO|H4|21:00|||0|
0148|PORVENIR - GENERAL CEPEDA|Entrada|A|10|SANTA TERESA|H1|05:06|||0|
0148|PORVENIR - GENERAL CEPEDA|Entrada|A|10|SANTA TERESA|H2|17:06|||0|
0148|PORVENIR - GENERAL CEPEDA|Entrada|A|10|SANTA TERESA|H3|20:36|||0|
0148|PORVENIR - GENERAL CEPEDA|Entrada|A|10|SANTA TERESA|H4|21:06|||0|
0148|PORVENIR - GENERAL CEPEDA|Entrada|A|11|CHAPULA|H1|05:15|||0|
0148|PORVENIR - GENERAL CEPEDA|Entrada|A|11|CHAPULA|H2|17:15|||0|
0148|PORVENIR - GENERAL CEPEDA|Entrada|A|11|CHAPULA|H3|20:45|||0|
0148|PORVENIR - GENERAL CEPEDA|Entrada|A|11|CHAPULA|H4|21:15|||0|
0148|PORVENIR - GENERAL CEPEDA|Entrada|A|12|DERRAMADERO|H1|05:20|||0|
0148|PORVENIR - GENERAL CEPEDA|Entrada|A|12|DERRAMADERO|H2|17:20|||0|
0148|PORVENIR - GENERAL CEPEDA|Entrada|A|12|DERRAMADERO|H3|20:50|||0|
0148|PORVENIR - GENERAL CEPEDA|Entrada|A|12|DERRAMADERO|H4|21:20|||0|
0148|PORVENIR - GENERAL CEPEDA|Entrada|A|13|SAN JUAN DE LA VAQUERIA|H1|05:28|||0|
0148|PORVENIR - GENERAL CEPEDA|Entrada|A|13|SAN JUAN DE LA VAQUERIA|H2|17:28|||0|
0148|PORVENIR - GENERAL CEPEDA|Entrada|A|13|SAN JUAN DE LA VAQUERIA|H3|20:58|||0|
0148|PORVENIR - GENERAL CEPEDA|Entrada|A|13|SAN JUAN DE LA VAQUERIA|H4|21:28|||0|
0148|PORVENIR - GENERAL CEPEDA|Entrada|A|14|METALSA|H1|05:50|||0|
0148|PORVENIR - GENERAL CEPEDA|Entrada|A|14|METALSA|H2|17:50|||0|
0148|PORVENIR - GENERAL CEPEDA|Entrada|A|14|METALSA|H3|21:20|||0|
0148|PORVENIR - GENERAL CEPEDA|Entrada|A|14|METALSA|H4|21:50|||0|
0041|PORVENIR - GENERAL CEPEDA|Salida|N|1|METALSA|H1|06:15|06:20|-5|1|0
0041|PORVENIR - GENERAL CEPEDA|Salida|N|1|METALSA|H2|15:30|||0|
0041|PORVENIR - GENERAL CEPEDA|Salida|N|1|METALSA|H3|18:15|||0|
0041|PORVENIR - GENERAL CEPEDA|Salida|N|2|SAN JUAN DE LA VAQUERIA|H1|06:50|06:35|15|1|0
0041|PORVENIR - GENERAL CEPEDA|Salida|N|2|SAN JUAN DE LA VAQUERIA|H2|16:05|||0|
0041|PORVENIR - GENERAL CEPEDA|Salida|N|2|SAN JUAN DE LA VAQUERIA|H3|18:50|18:34|16|1|0
0041|PORVENIR - GENERAL CEPEDA|Salida|N|3|DERRAMADERO|H1|06:55|06:44|11|1|0
0041|PORVENIR - GENERAL CEPEDA|Salida|N|3|DERRAMADERO|H2|16:10|||0|
0041|PORVENIR - GENERAL CEPEDA|Salida|N|3|DERRAMADERO|H3|18:55|18:43|12|1|0
0041|PORVENIR - GENERAL CEPEDA|Salida|N|4|CHAPULA|H1|06:56|06:48|8|1|0
0041|PORVENIR - GENERAL CEPEDA|Salida|N|4|CHAPULA|H2|16:15|||0|
0041|PORVENIR - GENERAL CEPEDA|Salida|N|4|CHAPULA|H3|19:00|18:43|17|1|0
0041|PORVENIR - GENERAL CEPEDA|Salida|N|5|SANTA TERESA|H1|06:57|06:55|2|1|0
0041|PORVENIR - GENERAL CEPEDA|Salida|N|5|SANTA TERESA|H2|16:18|||0|
0041|PORVENIR - GENERAL CEPEDA|Salida|N|5|SANTA TERESA|H3|19:03|18:55|8|1|0
0041|PORVENIR - GENERAL CEPEDA|Salida|N|6|RANCHO NUEVO|H1|07:10|06:58|12|1|0
0041|PORVENIR - GENERAL CEPEDA|Salida|N|6|RANCHO NUEVO|H2|16:25|||0|
0041|PORVENIR - GENERAL CEPEDA|Salida|N|6|RANCHO NUEVO|H3|19:10|19:00|10|1|0
0041|PORVENIR - GENERAL CEPEDA|Salida|N|7|SAN JOSE|H1|07:11|07:09|2|1|0
0041|PORVENIR - GENERAL CEPEDA|Salida|N|7|SAN JOSE|H2|16:26|||0|
0041|PORVENIR - GENERAL CEPEDA|Salida|N|7|SAN JOSE|H3|19:11|||0|
0041|PORVENIR - GENERAL CEPEDA|Salida|N|8|BENITO JUAREZ|H1|07:12|07:32|-20|1|0
0041|PORVENIR - GENERAL CEPEDA|Salida|N|8|BENITO JUAREZ|H2|16:27|||0|
0041|PORVENIR - GENERAL CEPEDA|Salida|N|8|BENITO JUAREZ|H3|19:12|19:01|11|1|0
0041|PORVENIR - GENERAL CEPEDA|Salida|N|9|MIGUEL HIDALGO|H1|07:13|07:35|-22|1|0
0041|PORVENIR - GENERAL CEPEDA|Salida|N|9|MIGUEL HIDALGO|H2|16:28|||0|
0041|PORVENIR - GENERAL CEPEDA|Salida|N|9|MIGUEL HIDALGO|H3|19:13|19:02|11|1|0
0041|PORVENIR - GENERAL CEPEDA|Salida|N|10|LOS PRESIDENTES|H1|07:14|07:38|-24|1|0
0041|PORVENIR - GENERAL CEPEDA|Salida|N|10|LOS PRESIDENTES|H2|16:29|||0|
0041|PORVENIR - GENERAL CEPEDA|Salida|N|10|LOS PRESIDENTES|H3|19:14|19:07|7|1|0
0041|PORVENIR - GENERAL CEPEDA|Salida|N|11|MARIANO MATAMOROS|H1|07:30|07:37|-7|1|0
0041|PORVENIR - GENERAL CEPEDA|Salida|N|11|MARIANO MATAMOROS|H2|16:45|||0|
0041|PORVENIR - GENERAL CEPEDA|Salida|N|11|MARIANO MATAMOROS|H3|19:30|19:00|30|1|0
0041|PORVENIR - GENERAL CEPEDA|Salida|N|12|BLVD, DIANA LAURA|H1|07:31|07:35|-4|1|0
0041|PORVENIR - GENERAL CEPEDA|Salida|N|12|BLVD, DIANA LAURA|H2|16:46|||0|
0041|PORVENIR - GENERAL CEPEDA|Salida|N|12|BLVD, DIANA LAURA|H3|19:31|19:19|12|1|0
0041|PORVENIR - GENERAL CEPEDA|Salida|N|13|GUELATAO|H1|07:40|07:47|-7|1|0
0041|PORVENIR - GENERAL CEPEDA|Salida|N|13|GUELATAO|H2|16:55|||0|
0041|PORVENIR - GENERAL CEPEDA|Salida|N|13|GUELATAO|H3|19:40|19:39|1|1|0
0041|PORVENIR - GENERAL CEPEDA|Salida|N|14|PORVENIR|H1|07:45|07:58|-13|1|0
0041|PORVENIR - GENERAL CEPEDA|Salida|N|14|PORVENIR|H2|17:00|||0|
0041|PORVENIR - GENERAL CEPEDA|Salida|N|14|PORVENIR|H3|19:45|20:00|-15|1|0
0152|PUERTO MEXICO|Entrada|A|1|PUERTO MEXICO|H1|20:10|||0|
0152|PUERTO MEXICO|Entrada|A|1|PUERTO MEXICO|H2|04:40|||0|
0152|PUERTO MEXICO|Entrada|A|1|PUERTO MEXICO|H3|04:40|||0|
0152|PUERTO MEXICO|Entrada|A|1|PUERTO MEXICO|H4|16:40|||0|
0152|PUERTO MEXICO|Entrada|A|1|PUERTO MEXICO|H5|16:40||||
0152|PUERTO MEXICO|Entrada|A|1|PUERTO MEXICO|H6|20:40||||
0152|PUERTO MEXICO|Entrada|A|2|CUIJE|H1|20:22|||0|
0152|PUERTO MEXICO|Entrada|A|2|CUIJE|H2|04:52|||0|
0152|PUERTO MEXICO|Entrada|A|2|CUIJE|H3|04:52|||0|
0152|PUERTO MEXICO|Entrada|A|2|CUIJE|H4|16:52|||0|
0152|PUERTO MEXICO|Entrada|A|2|CUIJE|H5|16:52||||
0152|PUERTO MEXICO|Entrada|A|2|CUIJE|H6|20:52||||
0152|PUERTO MEXICO|Entrada|A|3|NAVIDAD|H1|20:32|||0|
0152|PUERTO MEXICO|Entrada|A|3|NAVIDAD|H2|05:02|||0|
0152|PUERTO MEXICO|Entrada|A|3|NAVIDAD|H3|05:02|||0|
0152|PUERTO MEXICO|Entrada|A|3|NAVIDAD|H4|17:02|||0|
0152|PUERTO MEXICO|Entrada|A|3|NAVIDAD|H5|17:02||||
0152|PUERTO MEXICO|Entrada|A|3|NAVIDAD|H6|21:02||||
0152|PUERTO MEXICO|Entrada|A|4|CHAPULTEPEC|H1|20:45|||0|
0152|PUERTO MEXICO|Entrada|A|4|CHAPULTEPEC|H2|05:15|||0|
0152|PUERTO MEXICO|Entrada|A|4|CHAPULTEPEC|H3|05:15|||0|
0152|PUERTO MEXICO|Entrada|A|4|CHAPULTEPEC|H4|17:15|||0|
0152|PUERTO MEXICO|Entrada|A|4|CHAPULTEPEC|H5|17:15||||
0152|PUERTO MEXICO|Entrada|A|4|CHAPULTEPEC|H6|21:15||||
0152|PUERTO MEXICO|Entrada|A|5|JAHUEY|H1|21:00|||0|
0152|PUERTO MEXICO|Entrada|A|5|JAHUEY|H2|05:30|||0|
0152|PUERTO MEXICO|Entrada|A|5|JAHUEY|H3|05:30|||0|
0152|PUERTO MEXICO|Entrada|A|5|JAHUEY|H4|17:30|||0|
0152|PUERTO MEXICO|Entrada|A|5|JAHUEY|H5|17:30||||
0152|PUERTO MEXICO|Entrada|A|5|JAHUEY|H6|21:30||||
0152|PUERTO MEXICO|Entrada|A|6|METALSA|H1|21:20|||0|
0152|PUERTO MEXICO|Entrada|A|6|METALSA|H2|05:50|||0|
0152|PUERTO MEXICO|Entrada|A|6|METALSA|H3|05:50|||0|
0152|PUERTO MEXICO|Entrada|A|6|METALSA|H4|17:50|||0|
0152|PUERTO MEXICO|Entrada|A|6|METALSA|H5|17:50||||
0152|PUERTO MEXICO|Entrada|A|6|METALSA|H6|21:50||||
0153|PUERTO MEXICO|Salida|A|1|METALSA|H1|15:30|||0|
0153|PUERTO MEXICO|Salida|A|1|METALSA|H2|06:15|||0|
0153|PUERTO MEXICO|Salida|A|1|METALSA|H3|06:15|||0|
0153|PUERTO MEXICO|Salida|A|1|METALSA|H4|18:15||||
0153|PUERTO MEXICO|Salida|A|1|METALSA|H5|18:15||||
0153|PUERTO MEXICO|Salida|A|2|JAHUEY|H1|15:50|||0|
0153|PUERTO MEXICO|Salida|A|2|JAHUEY|H2|06:35|||0|
0153|PUERTO MEXICO|Salida|A|2|JAHUEY|H3|06:35|||0|
0153|PUERTO MEXICO|Salida|A|2|JAHUEY|H4|18:35||||
0153|PUERTO MEXICO|Salida|A|2|JAHUEY|H5|18:35||||
0153|PUERTO MEXICO|Salida|A|3|CHAPULTEPEC|H1|16:05|||0|
0153|PUERTO MEXICO|Salida|A|3|CHAPULTEPEC|H2|06:50|||0|
0153|PUERTO MEXICO|Salida|A|3|CHAPULTEPEC|H3|06:50|||0|
0153|PUERTO MEXICO|Salida|A|3|CHAPULTEPEC|H4|18:50||||
0153|PUERTO MEXICO|Salida|A|3|CHAPULTEPEC|H5|18:50||||
0153|PUERTO MEXICO|Salida|A|4|NAVIDAD|H1|16:18|||0|
0153|PUERTO MEXICO|Salida|A|4|NAVIDAD|H2|07:03|||0|
0153|PUERTO MEXICO|Salida|A|4|NAVIDAD|H3|07:03|||0|
0153|PUERTO MEXICO|Salida|A|4|NAVIDAD|H4|19:03||||
0153|PUERTO MEXICO|Salida|A|4|NAVIDAD|H5|19:03||||
0153|PUERTO MEXICO|Salida|A|5|CUIJE|H1|16:28|||0|
0153|PUERTO MEXICO|Salida|A|5|CUIJE|H2|07:13|||0|
0153|PUERTO MEXICO|Salida|A|5|CUIJE|H3|07:13|||0|
0153|PUERTO MEXICO|Salida|A|5|CUIJE|H4|19:13||||
0153|PUERTO MEXICO|Salida|A|5|CUIJE|H5|19:13||||
0153|PUERTO MEXICO|Salida|A|6|PUERTO MEXICO|H1|16:40|||0|
0153|PUERTO MEXICO|Salida|A|6|PUERTO MEXICO|H2|07:25|||0|
0153|PUERTO MEXICO|Salida|A|6|PUERTO MEXICO|H3|07:25|||0|
0153|PUERTO MEXICO|Salida|A|6|PUERTO MEXICO|H4|19:25||||
0153|PUERTO MEXICO|Salida|A|6|PUERTO MEXICO|H5|19:25||||
0012|ROMA|Entrada|N|1|FCO. LAZACORTA Y JOSE MARIANO MICHELENA|H1|04:45|04:46|-1|1|0
0012|ROMA|Entrada|N|1|FCO. LAZACORTA Y JOSE MARIANO MICHELENA|H2|16:45|16:46|-1|1|0
0012|ROMA|Entrada|N|1|FCO. LAZACORTA Y JOSE MARIANO MICHELENA|H3|20:15|||0|
0012|ROMA|Entrada|N|1|FCO. LAZACORTA Y JOSE MARIANO MICHELENA|H4|20:45|||0|
0012|ROMA|Entrada|N|2|SIERRA DE LOS PINOS Y PRINCIPAL|H1|04:48|04:48|0|1|0
0012|ROMA|Entrada|N|2|SIERRA DE LOS PINOS Y PRINCIPAL|H2|16:48|16:48|0|1|0
0012|ROMA|Entrada|N|2|SIERRA DE LOS PINOS Y PRINCIPAL|H3|20:18|||0|
0012|ROMA|Entrada|N|2|SIERRA DE LOS PINOS Y PRINCIPAL|H4|20:48|||0|
0012|ROMA|Entrada|N|3|OSA MAYOR Y BUSTAMANTE|H1|04:53|04:56|-3|1|0
0012|ROMA|Entrada|N|3|OSA MAYOR Y BUSTAMANTE|H2|16:53|16:55|-2|1|0
0012|ROMA|Entrada|N|3|OSA MAYOR Y BUSTAMANTE|H3|20:23|||0|
0012|ROMA|Entrada|N|3|OSA MAYOR Y BUSTAMANTE|H4|20:53|||0|
0012|ROMA|Entrada|N|4|EUGENIO REYES Y PEDRO AMPUDIA|H1|05:01|05:07|-6|1|0
0012|ROMA|Entrada|N|4|EUGENIO REYES Y PEDRO AMPUDIA|H2|17:01|17:07|-6|1|0
0012|ROMA|Entrada|N|4|EUGENIO REYES Y PEDRO AMPUDIA|H3|20:31|||0|
0012|ROMA|Entrada|N|4|EUGENIO REYES Y PEDRO AMPUDIA|H4|21:01|||0|
0012|ROMA|Entrada|N|5|FELIPE BERRIOZABAL Y MARAVILLAS|H1|05:06|05:10|-4|1|0
0012|ROMA|Entrada|N|5|FELIPE BERRIOZABAL Y MARAVILLAS|H2|17:06|17:10|-4|1|0
0012|ROMA|Entrada|N|5|FELIPE BERRIOZABAL Y MARAVILLAS|H3|20:36|||0|
0012|ROMA|Entrada|N|5|FELIPE BERRIOZABAL Y MARAVILLAS|H4|21:06|||0|
0012|ROMA|Entrada|N|6|FCO I MADERO Y CALZ ANTONIO NARRO|H1|05:15|05:21|-6|1|0
0012|ROMA|Entrada|N|6|FCO I MADERO Y CALZ ANTONIO NARRO|H2|17:15|17:20|-5|1|0
0012|ROMA|Entrada|N|6|FCO I MADERO Y CALZ ANTONIO NARRO|H3|20:45|||0|
0012|ROMA|Entrada|N|6|FCO I MADERO Y CALZ ANTONIO NARRO|H4|21:15|||0|
0012|ROMA|Entrada|N|7|CARR. SALTILLO-ZACATECAS|H1|05:20|05:29|-9|1|0
0012|ROMA|Entrada|N|7|CARR. SALTILLO-ZACATECAS|H2|17:20|17:27|-7|1|0
0012|ROMA|Entrada|N|7|CARR. SALTILLO-ZACATECAS|H3|20:50|||0|
0012|ROMA|Entrada|N|7|CARR. SALTILLO-ZACATECAS|H4|21:20|||0|
0012|ROMA|Entrada|N|8|METALSA|H1|05:50|05:50|0|1|0
0012|ROMA|Entrada|N|8|METALSA|H2|17:50|17:40|10|1|0
0012|ROMA|Entrada|N|8|METALSA|H3|21:20|||0|
0012|ROMA|Entrada|N|8|METALSA|H4|21:50|||0|
0038|ROMA|Salida|N|1|METALSA|H1|06:15|06:16|-1|1|0
0038|ROMA|Salida|N|1|METALSA|H2|15:30|||0|
0038|ROMA|Salida|N|1|METALSA|H3|18:15|18:17|-2|1|0
0038|ROMA|Salida|N|2|CARR. SALTILLO-ZACATECAS|H1|06:45|06:35|10|1|0
0038|ROMA|Salida|N|2|CARR. SALTILLO-ZACATECAS|H2|16:00|||0|
0038|ROMA|Salida|N|2|CARR. SALTILLO-ZACATECAS|H3|18:45|18:55|-10|1|0
0038|ROMA|Salida|N|3|FCO I MADERO Y CALZ ANTONIO NARRO|H1|06:50|||0|
0038|ROMA|Salida|N|3|FCO I MADERO Y CALZ ANTONIO NARRO|H2|16:05|||0|
0038|ROMA|Salida|N|3|FCO I MADERO Y CALZ ANTONIO NARRO|H3|18:50|||0|
0038|ROMA|Salida|N|4|FELIPE BERRIOZABAL Y MARAVILLAS|H1|06:59|||0|
0038|ROMA|Salida|N|4|FELIPE BERRIOZABAL Y MARAVILLAS|H2|16:14|||0|
0038|ROMA|Salida|N|4|FELIPE BERRIOZABAL Y MARAVILLAS|H3|18:59|19:17|-18|1|0
0038|ROMA|Salida|N|5|EUGENIO REYES Y PEDRO AMPUDIA|H1|07:04|07:01|3|1|0
0038|ROMA|Salida|N|5|EUGENIO REYES Y PEDRO AMPUDIA|H2|16:19|||0|
0038|ROMA|Salida|N|5|EUGENIO REYES Y PEDRO AMPUDIA|H3|19:04|19:20|-16|1|0
0038|ROMA|Salida|N|6|OSA MAYOR Y BUSTAMANTE|H1|07:12|07:10|2|1|0
0038|ROMA|Salida|N|6|OSA MAYOR Y BUSTAMANTE|H2|16:27|||0|
0038|ROMA|Salida|N|6|OSA MAYOR Y BUSTAMANTE|H3|19:12|19:29|-17|1|0
0038|ROMA|Salida|N|7|SIERRA DE LOS PINOS Y PRINCIPAL|H1|07:17|07:18|-1|1|0
0038|ROMA|Salida|N|7|SIERRA DE LOS PINOS Y PRINCIPAL|H2|16:32|||0|
0038|ROMA|Salida|N|7|SIERRA DE LOS PINOS Y PRINCIPAL|H3|19:17|19:37|-20|1|0
0038|ROMA|Salida|N|8|FCO. LAZACORTA Y JOSE MARIANO MICHELENA|H1|07:20|07:19|1|1|0
0038|ROMA|Salida|N|8|FCO. LAZACORTA Y JOSE MARIANO MICHELENA|H2|16:35|||0|
0038|ROMA|Salida|N|8|FCO. LAZACORTA Y JOSE MARIANO MICHELENA|H3|19:20|19:38|-18|1|0
0017|SALTILLO 2000|Entrada|N|1|PALACIO DE JUSTICIA|H1|04:30|04:31|-1|1|0
0017|SALTILLO 2000|Entrada|N|1|PALACIO DE JUSTICIA|H2|16:30|16:32|-2|1|0
0017|SALTILLO 2000|Entrada|N|1|PALACIO DE JUSTICIA|H3|20:00|||0|
0017|SALTILLO 2000|Entrada|N|1|PALACIO DE JUSTICIA|H4|20:30|||0|
0017|SALTILLO 2000|Entrada|N|2|ROTONDA SALTILLO 2000|H1|04:35|04:33|2|1|0
0017|SALTILLO 2000|Entrada|N|2|ROTONDA SALTILLO 2000|H2|16:35|16:34|1|1|0
0017|SALTILLO 2000|Entrada|N|2|ROTONDA SALTILLO 2000|H3|20:05|||0|
0017|SALTILLO 2000|Entrada|N|2|ROTONDA SALTILLO 2000|H4|20:35|||0|
0017|SALTILLO 2000|Entrada|N|3|CUQUITA DE CEPEDA DAVILA  (OXXO)|H1|04:45|04:42|3|1|0
0017|SALTILLO 2000|Entrada|N|3|CUQUITA DE CEPEDA DAVILA  (OXXO)|H2|16:45|16:43|2|1|0
0017|SALTILLO 2000|Entrada|N|3|CUQUITA DE CEPEDA DAVILA  (OXXO)|H3|20:15|||0|
0017|SALTILLO 2000|Entrada|N|3|CUQUITA DE CEPEDA DAVILA  (OXXO)|H4|20:45|||0|
0017|SALTILLO 2000|Entrada|N|4|FCO I MADERO Y  PEDRO AMPUDIA|H1|04:50|04:51|-1|1|0
0017|SALTILLO 2000|Entrada|N|4|FCO I MADERO Y  PEDRO AMPUDIA|H2|16:50|16:52|-2|1|0
0017|SALTILLO 2000|Entrada|N|4|FCO I MADERO Y  PEDRO AMPUDIA|H3|20:20|||0|
0017|SALTILLO 2000|Entrada|N|4|FCO I MADERO Y  PEDRO AMPUDIA|H4|20:50|||0|
0017|SALTILLO 2000|Entrada|N|5|PERIF. L.E.A. Y CALZ. ANTONIO NARRO|H1|05:08|05:05|3|1|0
0017|SALTILLO 2000|Entrada|N|5|PERIF. L.E.A. Y CALZ. ANTONIO NARRO|H2|17:08|17:08|0|1|0
0017|SALTILLO 2000|Entrada|N|5|PERIF. L.E.A. Y CALZ. ANTONIO NARRO|H3|20:38|||0|
0017|SALTILLO 2000|Entrada|N|5|PERIF. L.E.A. Y CALZ. ANTONIO NARRO|H4|21:08|||0|
0017|SALTILLO 2000|Entrada|N|6|BLVD. HACIENDA NARRO|H1|05:20|05:17|3|1|0
0017|SALTILLO 2000|Entrada|N|6|BLVD. HACIENDA NARRO|H2|17:20|17:19|1|1|0
0017|SALTILLO 2000|Entrada|N|6|BLVD. HACIENDA NARRO|H3|20:50|||0|
0017|SALTILLO 2000|Entrada|N|6|BLVD. HACIENDA NARRO|H4|21:20|||0|
0017|SALTILLO 2000|Entrada|N|7|METALSA|H1|05:50|05:49|1|1|0
0017|SALTILLO 2000|Entrada|N|7|METALSA|H2|17:50|17:37|13|1|0
0017|SALTILLO 2000|Entrada|N|7|METALSA|H3|21:20|||0|
0017|SALTILLO 2000|Entrada|N|7|METALSA|H4|21:50|||0|
0044|SALTILLO 2000|Salida|N|1|METALSA|H1|06:15|06:16|-1|1|0
0044|SALTILLO 2000|Salida|N|1|METALSA|H2|15:30|||0|
0044|SALTILLO 2000|Salida|N|1|METALSA|H3|18:15|18:54|-39|1|0
0044|SALTILLO 2000|Salida|N|2|BLVD. HACIENDA NARRO|H1|06:45|||0|
0044|SALTILLO 2000|Salida|N|2|BLVD. HACIENDA NARRO|H2|16:00|||0|
0044|SALTILLO 2000|Salida|N|2|BLVD. HACIENDA NARRO|H3|18:45|18:58|-13|1|0
0044|SALTILLO 2000|Salida|N|3|PERIF. L.E.A. Y CALZ. ANTONIO NARRO|H1|06:57|06:49|8|1|0
0044|SALTILLO 2000|Salida|N|3|PERIF. L.E.A. Y CALZ. ANTONIO NARRO|H2|16:12|||0|
0044|SALTILLO 2000|Salida|N|3|PERIF. L.E.A. Y CALZ. ANTONIO NARRO|H3|18:57|19:02|-5|1|0
0044|SALTILLO 2000|Salida|N|4|FCO I MADERO Y  PEDRO AMPUDIA|H1|07:15|07:01|14|1|0
0044|SALTILLO 2000|Salida|N|4|FCO I MADERO Y  PEDRO AMPUDIA|H2|16:30|||0|
0044|SALTILLO 2000|Salida|N|4|FCO I MADERO Y  PEDRO AMPUDIA|H3|19:15|19:00|15|1|0
0044|SALTILLO 2000|Salida|N|5|CUQUITA DE CEPEDA DAVILA  (OXXO)|H1|07:20|||0|
0044|SALTILLO 2000|Salida|N|5|CUQUITA DE CEPEDA DAVILA  (OXXO)|H2|16:35|||0|
0044|SALTILLO 2000|Salida|N|5|CUQUITA DE CEPEDA DAVILA  (OXXO)|H3|19:20|18:54|26|1|0
0044|SALTILLO 2000|Salida|N|6|ROTONDA SALTILLO 2000|H1|07:30|07:17|13|1|0
0044|SALTILLO 2000|Salida|N|6|ROTONDA SALTILLO 2000|H2|16:45|||0|
0044|SALTILLO 2000|Salida|N|6|ROTONDA SALTILLO 2000|H3|19:30|18:48|42|1|0
0044|SALTILLO 2000|Salida|N|7|PALACIO DE JUSTICIA|H1|07:35|||0|
0044|SALTILLO 2000|Salida|N|7|PALACIO DE JUSTICIA|H2|16:50|||0|
0044|SALTILLO 2000|Salida|N|7|PALACIO DE JUSTICIA|H3|19:35|19:46|-11|1|0
0149|SAN FRANCISCO|Entrada|A|1|LA CUCHILLA|H1|19:35|||0|
0149|SAN FRANCISCO|Entrada|A|1|LA CUCHILLA|H2|04:05|||0|
0149|SAN FRANCISCO|Entrada|A|1|LA CUCHILLA|H3|16:05|||0|
0149|SAN FRANCISCO|Entrada|A|1|LA CUCHILLA|H4|20:05|||0|
0149|SAN FRANCISCO|Entrada|A|2|SAN JUAN RETIRO|H1|19:44|||0|
0149|SAN FRANCISCO|Entrada|A|2|SAN JUAN RETIRO|H2|04:14|||0|
0149|SAN FRANCISCO|Entrada|A|2|SAN JUAN RETIRO|H3|16:14|||0|
0149|SAN FRANCISCO|Entrada|A|2|SAN JUAN RETIRO|H4|20:14|||0|
0149|SAN FRANCISCO|Entrada|A|3|NUEVO GOMEZ|H1|19:54|||0|
0149|SAN FRANCISCO|Entrada|A|3|NUEVO GOMEZ|H2|04:24|||0|
0149|SAN FRANCISCO|Entrada|A|3|NUEVO GOMEZ|H3|16:24|||0|
0149|SAN FRANCISCO|Entrada|A|3|NUEVO GOMEZ|H4|20:24|||0|
0149|SAN FRANCISCO|Entrada|A|4|SAN FRANCISCO|H1|20:06|||0|
0149|SAN FRANCISCO|Entrada|A|4|SAN FRANCISCO|H2|04:36|||0|
0149|SAN FRANCISCO|Entrada|A|4|SAN FRANCISCO|H3|16:36|||0|
0149|SAN FRANCISCO|Entrada|A|4|SAN FRANCISCO|H4|20:36|||0|
0149|SAN FRANCISCO|Entrada|A|5|MANGAS|H1|20:16|||0|
0149|SAN FRANCISCO|Entrada|A|5|MANGAS|H2|04:46|||0|
0149|SAN FRANCISCO|Entrada|A|5|MANGAS|H3|16:46|||0|
0149|SAN FRANCISCO|Entrada|A|5|MANGAS|H4|20:46|||0|
0149|SAN FRANCISCO|Entrada|A|6|COLONIAS|H1|20:52|||0|
0149|SAN FRANCISCO|Entrada|A|6|COLONIAS|H2|05:22|||0|
0149|SAN FRANCISCO|Entrada|A|6|COLONIAS|H3|17:22|||0|
0149|SAN FRANCISCO|Entrada|A|6|COLONIAS|H4|21:22|||0|
0149|SAN FRANCISCO|Entrada|A|7|AGUA NUEVA|H1|21:00|||0|
0149|SAN FRANCISCO|Entrada|A|7|AGUA NUEVA|H2|05:30|||0|
0149|SAN FRANCISCO|Entrada|A|7|AGUA NUEVA|H3|17:30|||0|
0149|SAN FRANCISCO|Entrada|A|7|AGUA NUEVA|H4|21:25|||0|
0149|SAN FRANCISCO|Entrada|A|8|METALSA|H1|21:20|||0|
0149|SAN FRANCISCO|Entrada|A|8|METALSA|H2|05:50|||0|
0149|SAN FRANCISCO|Entrada|A|8|METALSA|H3|17:50|||0|
0149|SAN FRANCISCO|Entrada|A|8|METALSA|H4|21:50|||0|
0045|SAN FRANCISCO|Salida|N|1|METALSA|H1|15:30|||0|
0045|SAN FRANCISCO|Salida|N|1|METALSA|H2|18:15|||0|
0045|SAN FRANCISCO|Salida|N|1|METALSA|H3|06:15|06:22|-7|1|0
0045|SAN FRANCISCO|Salida|N|2|AGUA NUEVA|H1|15:59|||0|
0045|SAN FRANCISCO|Salida|N|2|AGUA NUEVA|H2|18:44|18:36|8|1|0
0045|SAN FRANCISCO|Salida|N|2|AGUA NUEVA|H3|06:44|06:33|11|1|0
0045|SAN FRANCISCO|Salida|N|3|COLONIAS|H1|16:10|||0|
0045|SAN FRANCISCO|Salida|N|3|COLONIAS|H2|18:55|18:51|4|1|0
0045|SAN FRANCISCO|Salida|N|3|COLONIAS|H3|06:55|06:46|9|1|0
0045|SAN FRANCISCO|Salida|N|4|MANGAS|H1|16:34|||0|
0045|SAN FRANCISCO|Salida|N|4|MANGAS|H2|19:19|19:19|0|1|0
0045|SAN FRANCISCO|Salida|N|4|MANGAS|H3|07:19|||0|
0045|SAN FRANCISCO|Salida|N|5|SAN FRANCISCO|H1|16:46|||0|
0045|SAN FRANCISCO|Salida|N|5|SAN FRANCISCO|H2|19:31|19:29|2|1|0
0045|SAN FRANCISCO|Salida|N|5|SAN FRANCISCO|H3|07:31|07:13|18|1|0
0045|SAN FRANCISCO|Salida|N|6|NUEVO GOMEZ|H1|16:56|||0|
0045|SAN FRANCISCO|Salida|N|6|NUEVO GOMEZ|H2|19:41|||0|
0045|SAN FRANCISCO|Salida|N|6|NUEVO GOMEZ|H3|07:41|||0|
0045|SAN FRANCISCO|Salida|N|7|SAN JUAN RETIRO|H1|17:06|||0|
0045|SAN FRANCISCO|Salida|N|7|SAN JUAN RETIRO|H2|19:51|19:44|7|1|0
0045|SAN FRANCISCO|Salida|N|7|SAN JUAN RETIRO|H3|07:51|||0|
0045|SAN FRANCISCO|Salida|N|8|LA CUCHILLA|H1|17:15|||0|
0045|SAN FRANCISCO|Salida|N|8|LA CUCHILLA|H2|20:00|19:54|6|1|0
0045|SAN FRANCISCO|Salida|N|8|LA CUCHILLA|H3|08:00|07:27|33|1|0
0154|SAN MIGUEL|Entrada|A|1|SAN MIGUEL|H1|19:50|||0|
0154|SAN MIGUEL|Entrada|A|1|SAN MIGUEL|H2|04:20|||0|
0154|SAN MIGUEL|Entrada|A|1|SAN MIGUEL|H3|16:20|||0|
0154|SAN MIGUEL|Entrada|A|1|SAN MIGUEL|H4|20:20|||0|
0154|SAN MIGUEL|Entrada|A|2|ZACATERA|H1|19:53|||0|
0154|SAN MIGUEL|Entrada|A|2|ZACATERA|H2|04:23|||0|
0154|SAN MIGUEL|Entrada|A|2|ZACATERA|H3|16:23|||0|
0154|SAN MIGUEL|Entrada|A|2|ZACATERA|H4|20:23|||0|
0154|SAN MIGUEL|Entrada|A|3|GOMEZ FARIAS|H1|20:00|||0|
0154|SAN MIGUEL|Entrada|A|3|GOMEZ FARIAS|H2|04:30|||0|
0154|SAN MIGUEL|Entrada|A|3|GOMEZ FARIAS|H3|16:30|||0|
0154|SAN MIGUEL|Entrada|A|3|GOMEZ FARIAS|H4|20:30|||0|
0154|SAN MIGUEL|Entrada|A|4|GUADALUPE VICTORIA|H1|20:25|||0|
0154|SAN MIGUEL|Entrada|A|4|GUADALUPE VICTORIA|H2|04:55|||0|
0154|SAN MIGUEL|Entrada|A|4|GUADALUPE VICTORIA|H3|16:55|||0|
0154|SAN MIGUEL|Entrada|A|4|GUADALUPE VICTORIA|H4|20:55|||0|
0154|SAN MIGUEL|Entrada|A|5|COLONIAS|H1|20:35|||0|
0154|SAN MIGUEL|Entrada|A|5|COLONIAS|H2|05:05|||0|
0154|SAN MIGUEL|Entrada|A|5|COLONIAS|H3|17:05|||0|
0154|SAN MIGUEL|Entrada|A|5|COLONIAS|H4|21:05|||0|
0154|SAN MIGUEL|Entrada|A|6|AGUA NUEVA|H1|20:50|||0|
0154|SAN MIGUEL|Entrada|A|6|AGUA NUEVA|H2|05:20|||0|
0154|SAN MIGUEL|Entrada|A|6|AGUA NUEVA|H3|17:20|||0|
0154|SAN MIGUEL|Entrada|A|6|AGUA NUEVA|H4|21:20|||0|
0154|SAN MIGUEL|Entrada|A|7|METALSA|H1|21:20|||0|
0154|SAN MIGUEL|Entrada|A|7|METALSA|H2|05:50|||0|
0154|SAN MIGUEL|Entrada|A|7|METALSA|H3|17:50|||0|
0154|SAN MIGUEL|Entrada|A|7|METALSA|H4|21:50|||0|
0047|SAN MIGUEL|Salida|N|1|METALSA|H1|15:30|||0|
0047|SAN MIGUEL|Salida|N|1|METALSA|H2|06:15|||0|
0047|SAN MIGUEL|Salida|N|1|METALSA|H3|18:15|||0|
0047|SAN MIGUEL|Salida|N|2|AGUA NUEVA|H1|16:10|||0|
0047|SAN MIGUEL|Salida|N|2|AGUA NUEVA|H2|06:55|||0|
0047|SAN MIGUEL|Salida|N|2|AGUA NUEVA|H3|18:55|||0|
0047|SAN MIGUEL|Salida|N|3|COLONIAS|H1|16:20|||0|
0047|SAN MIGUEL|Salida|N|3|COLONIAS|H2|07:05|||0|
0047|SAN MIGUEL|Salida|N|3|COLONIAS|H3|19:05|||0|
0047|SAN MIGUEL|Salida|N|4|GUADALUPE VICTORIA|H1|16:30|||0|
0047|SAN MIGUEL|Salida|N|4|GUADALUPE VICTORIA|H2|07:15|||0|
0047|SAN MIGUEL|Salida|N|4|GUADALUPE VICTORIA|H3|19:15|||0|
0047|SAN MIGUEL|Salida|N|5|GOMEZ FARIAS|H1|17:05|||0|
0047|SAN MIGUEL|Salida|N|5|GOMEZ FARIAS|H2|07:50|||0|
0047|SAN MIGUEL|Salida|N|5|GOMEZ FARIAS|H3|19:50|||0|
0047|SAN MIGUEL|Salida|N|6|SAN MIGUEL|H1|17:30|||0|
0047|SAN MIGUEL|Salida|N|6|SAN MIGUEL|H2|08:15|||0|
0047|SAN MIGUEL|Salida|N|6|SAN MIGUEL|H3|20:15|||0|
0047|SAN MIGUEL|Salida|N|7|ZACATERA|H1|18:05|||0|
0047|SAN MIGUEL|Salida|N|7|ZACATERA|H2|08:45|||0|
0047|SAN MIGUEL|Salida|N|7|ZACATERA|H3|20:45|||0|
0019|SANTA MARIA - SAN RAFAEL|Entrada|N|1|SAN JOSE ALAMITO|H1|19:00|||0|
0019|SANTA MARIA - SAN RAFAEL|Entrada|N|1|SAN JOSE ALAMITO|H2|03:30|04:13|-43|1|0
0019|SANTA MARIA - SAN RAFAEL|Entrada|N|1|SAN JOSE ALAMITO|H3|15:30|16:01|-31|1|0
0019|SANTA MARIA - SAN RAFAEL|Entrada|N|1|SAN JOSE ALAMITO|H4|19:30|||0|
0019|SANTA MARIA - SAN RAFAEL|Entrada|N|2|LA HEDIONDA|H1|19:25|||0|
0019|SANTA MARIA - SAN RAFAEL|Entrada|N|2|LA HEDIONDA|H2|03:55|04:15|-20|1|0
0019|SANTA MARIA - SAN RAFAEL|Entrada|N|2|LA HEDIONDA|H3|15:55|16:03|-8|1|0
0019|SANTA MARIA - SAN RAFAEL|Entrada|N|2|LA HEDIONDA|H4|19:55|||0|
0019|SANTA MARIA - SAN RAFAEL|Entrada|N|3|LA CONCHA|H1|19:40|||0|
0019|SANTA MARIA - SAN RAFAEL|Entrada|N|3|LA CONCHA|H2|04:10|04:25|-15|1|0
0019|SANTA MARIA - SAN RAFAEL|Entrada|N|3|LA CONCHA|H3|16:10|16:13|-3|1|0
0019|SANTA MARIA - SAN RAFAEL|Entrada|N|3|LA CONCHA|H4|20:10|||0|
0019|SANTA MARIA - SAN RAFAEL|Entrada|N|4|STA MARIA DE RAMOS|H1|19:50|||0|
0019|SANTA MARIA - SAN RAFAEL|Entrada|N|4|STA MARIA DE RAMOS|H2|04:20|04:31|-11|1|0
0019|SANTA MARIA - SAN RAFAEL|Entrada|N|4|STA MARIA DE RAMOS|H3|16:20|16:18|2|1|0
0019|SANTA MARIA - SAN RAFAEL|Entrada|N|4|STA MARIA DE RAMOS|H4|20:20|||0|
0019|SANTA MARIA - SAN RAFAEL|Entrada|N|5|SAN RAFAEL|H1|20:05|||0|
0019|SANTA MARIA - SAN RAFAEL|Entrada|N|5|SAN RAFAEL|H2|04:35|||0|
0019|SANTA MARIA - SAN RAFAEL|Entrada|N|5|SAN RAFAEL|H3|16:35|16:29|6|1|0
0019|SANTA MARIA - SAN RAFAEL|Entrada|N|5|SAN RAFAEL|H4|20:35|||0|
0019|SANTA MARIA - SAN RAFAEL|Entrada|N|6|NAVIDAD|H1|20:10|||0|
0019|SANTA MARIA - SAN RAFAEL|Entrada|N|6|NAVIDAD|H2|04:40|04:53|-13|1|0
0019|SANTA MARIA - SAN RAFAEL|Entrada|N|6|NAVIDAD|H3|16:40|16:43|-3|1|0
0019|SANTA MARIA - SAN RAFAEL|Entrada|N|6|NAVIDAD|H4|20:40|||0|
0019|SANTA MARIA - SAN RAFAEL|Entrada|N|7|ENTRONQUE HUACHICHIL|H1|20:40|||0|
0019|SANTA MARIA - SAN RAFAEL|Entrada|N|7|ENTRONQUE HUACHICHIL|H2|05:10|||0|
0019|SANTA MARIA - SAN RAFAEL|Entrada|N|7|ENTRONQUE HUACHICHIL|H3|17:10|17:06|4|1|0
0019|SANTA MARIA - SAN RAFAEL|Entrada|N|7|ENTRONQUE HUACHICHIL|H4|21:10|||0|
0019|SANTA MARIA - SAN RAFAEL|Entrada|N|8|METALSA|H1|21:20|||0|
0019|SANTA MARIA - SAN RAFAEL|Entrada|N|8|METALSA|H2|05:50|05:44|6|1|0
0019|SANTA MARIA - SAN RAFAEL|Entrada|N|8|METALSA|H3|17:50|17:34|16|1|0
0019|SANTA MARIA - SAN RAFAEL|Entrada|N|8|METALSA|H4|21:50|||0|
0046|SANTA MARIA - SAN RAFAEL|Salida|N|1|METALSA|H1|15:30|||0|
0046|SANTA MARIA - SAN RAFAEL|Salida|N|1|METALSA|H2|06:15|06:18|-3|1|0
0046|SANTA MARIA - SAN RAFAEL|Salida|N|1|METALSA|H3|18:15|18:17|-2|1|0
0046|SANTA MARIA - SAN RAFAEL|Salida|N|2|ENTRONQUE HUACHICHIL|H1|15:31|||0|
0046|SANTA MARIA - SAN RAFAEL|Salida|N|2|ENTRONQUE HUACHICHIL|H2|06:16|||0|
0046|SANTA MARIA - SAN RAFAEL|Salida|N|2|ENTRONQUE HUACHICHIL|H3|18:16|||0|
0046|SANTA MARIA - SAN RAFAEL|Salida|N|3|NAVIDAD|H1|15:32|||0|
0046|SANTA MARIA - SAN RAFAEL|Salida|N|3|NAVIDAD|H2|06:17|07:13|-56|1|0
0046|SANTA MARIA - SAN RAFAEL|Salida|N|3|NAVIDAD|H3|18:17|19:16|-59|1|0
0046|SANTA MARIA - SAN RAFAEL|Salida|N|4|SAN RAFAEL|H1|15:33|||0|
0046|SANTA MARIA - SAN RAFAEL|Salida|N|4|SAN RAFAEL|H2|06:18|||0|
0046|SANTA MARIA - SAN RAFAEL|Salida|N|4|SAN RAFAEL|H3|18:18|||0|
0046|SANTA MARIA - SAN RAFAEL|Salida|N|5|STA MARIA DE RAMOS|H1|16:50|||0|
0046|SANTA MARIA - SAN RAFAEL|Salida|N|5|STA MARIA DE RAMOS|H2|07:35|07:31|4|1|0
0046|SANTA MARIA - SAN RAFAEL|Salida|N|5|STA MARIA DE RAMOS|H3|19:35|19:34|1|1|0
0046|SANTA MARIA - SAN RAFAEL|Salida|N|6|LA CONCHA|H1|16:55|||0|
0046|SANTA MARIA - SAN RAFAEL|Salida|N|6|LA CONCHA|H2|07:45|||0|
0046|SANTA MARIA - SAN RAFAEL|Salida|N|6|LA CONCHA|H3|19:40|19:38|2|1|0
0046|SANTA MARIA - SAN RAFAEL|Salida|N|7|LA HEDIONDA|H1|17:30|||0|
0046|SANTA MARIA - SAN RAFAEL|Salida|N|7|LA HEDIONDA|H2|08:00|||0|
0046|SANTA MARIA - SAN RAFAEL|Salida|N|7|LA HEDIONDA|H3|20:15|||0|
0046|SANTA MARIA - SAN RAFAEL|Salida|N|8|SAN JOSE ALAMITO|H1|17:55|||0|
0046|SANTA MARIA - SAN RAFAEL|Salida|N|8|SAN JOSE ALAMITO|H2|08:25|||0|
0046|SANTA MARIA - SAN RAFAEL|Salida|N|8|SAN JOSE ALAMITO|H3|20:35|||0|
0141|SECUENCIADOS|Entrada|A|1|CARR. SALTILLO-ZACATECAS|H1|05:45|||0|
0141|SECUENCIADOS|Entrada|A|1|CARR. SALTILLO-ZACATECAS|H2|17:45|||0|
0141|SECUENCIADOS|Entrada|A|1|CARR. SALTILLO-ZACATECAS|H3|21:15|||0|
0141|SECUENCIADOS|Entrada|A|1|CARR. SALTILLO-ZACATECAS|H4|21:45|||0|
0141|SECUENCIADOS|Entrada|A|2|METALSA|H1|05:50|||0|
0141|SECUENCIADOS|Entrada|A|2|METALSA|H2|17:50|||0|
0141|SECUENCIADOS|Entrada|A|2|METALSA|H3|21:20|||0|
0141|SECUENCIADOS|Entrada|A|2|METALSA|H4|21:50|||0|
0142|SECUENCIADOS|Salida|A|1|METALSA|H1|05:50|||0|
0142|SECUENCIADOS|Salida|A|1|METALSA|H2|17:50|||0|
0142|SECUENCIADOS|Salida|A|1|METALSA|H3|21:20|||0|
0142|SECUENCIADOS|Salida|A|2|CARR. SALTILLO-ZACATECAS|H1|05:45|||0|
0142|SECUENCIADOS|Salida|A|2|CARR. SALTILLO-ZACATECAS|H2|17:45|||0|
0142|SECUENCIADOS|Salida|A|2|CARR. SALTILLO-ZACATECAS|H3|21:15|||0|
0150|TANQUE DEL CERRO - LA VENTURA|Entrada|A|1|TANQUE DEL CERRO|H1|19:15|||0|
0150|TANQUE DEL CERRO - LA VENTURA|Entrada|A|1|TANQUE DEL CERRO|H2|03:45|||0|
0150|TANQUE DEL CERRO - LA VENTURA|Entrada|A|1|TANQUE DEL CERRO|H3|15:45|||0|
0150|TANQUE DEL CERRO - LA VENTURA|Entrada|A|1|TANQUE DEL CERRO|H4|19:45|||0|
0150|TANQUE DEL CERRO - LA VENTURA|Entrada|A|2|LA VENTURA|H1|19:35|||0|
0150|TANQUE DEL CERRO - LA VENTURA|Entrada|A|2|LA VENTURA|H2|04:05|||0|
0150|TANQUE DEL CERRO - LA VENTURA|Entrada|A|2|LA VENTURA|H3|16:05|||0|
0150|TANQUE DEL CERRO - LA VENTURA|Entrada|A|2|LA VENTURA|H4|20:05|||0|
0150|TANQUE DEL CERRO - LA VENTURA|Entrada|A|3|PURISIMA|H1|19:45|||0|
0150|TANQUE DEL CERRO - LA VENTURA|Entrada|A|3|PURISIMA|H2|04:15|||0|
0150|TANQUE DEL CERRO - LA VENTURA|Entrada|A|3|PURISIMA|H3|16:15|||0|
0150|TANQUE DEL CERRO - LA VENTURA|Entrada|A|3|PURISIMA|H4|20:15|||0|
0150|TANQUE DEL CERRO - LA VENTURA|Entrada|A|4|PRESA SAN PEDRO|H1|19:55|||0|
0150|TANQUE DEL CERRO - LA VENTURA|Entrada|A|4|PRESA SAN PEDRO|H2|04:25|||0|
0150|TANQUE DEL CERRO - LA VENTURA|Entrada|A|4|PRESA SAN PEDRO|H3|16:25|||0|
0150|TANQUE DEL CERRO - LA VENTURA|Entrada|A|4|PRESA SAN PEDRO|H4|20:25|||0|
0150|TANQUE DEL CERRO - LA VENTURA|Entrada|A|5|TANQUE ESCONDIDO|H1|20:10|||0|
0150|TANQUE DEL CERRO - LA VENTURA|Entrada|A|5|TANQUE ESCONDIDO|H2|04:40|||0|
0150|TANQUE DEL CERRO - LA VENTURA|Entrada|A|5|TANQUE ESCONDIDO|H3|16:40|||0|
0150|TANQUE DEL CERRO - LA VENTURA|Entrada|A|5|TANQUE ESCONDIDO|H4|20:40|||0|
0150|TANQUE DEL CERRO - LA VENTURA|Entrada|A|6|GUADALUPE VICTORIA|H1|20:38|||0|
0150|TANQUE DEL CERRO - LA VENTURA|Entrada|A|6|GUADALUPE VICTORIA|H2|05:08|||0|
0150|TANQUE DEL CERRO - LA VENTURA|Entrada|A|6|GUADALUPE VICTORIA|H3|17:08|||0|
0150|TANQUE DEL CERRO - LA VENTURA|Entrada|A|6|GUADALUPE VICTORIA|H4|21:08|||0|
0150|TANQUE DEL CERRO - LA VENTURA|Entrada|A|7|METALSA|H1|21:20|||0|
0150|TANQUE DEL CERRO - LA VENTURA|Entrada|A|7|METALSA|H2|05:50|||0|
0150|TANQUE DEL CERRO - LA VENTURA|Entrada|A|7|METALSA|H3|17:50|||0|
0150|TANQUE DEL CERRO - LA VENTURA|Entrada|A|7|METALSA|H4|21:50|||0|
0050|TANQUE DEL CERRO - LA VENTURA|Salida|N|1|METALSA|H1|15:30|||0|
0050|TANQUE DEL CERRO - LA VENTURA|Salida|N|1|METALSA|H2|06:15|06:18|-3|1|0
0050|TANQUE DEL CERRO - LA VENTURA|Salida|N|1|METALSA|H3|18:15|18:18|-3|1|0
0050|TANQUE DEL CERRO - LA VENTURA|Salida|N|2|GUADALUPE VICTORIA|H1|16:00|||0|
0050|TANQUE DEL CERRO - LA VENTURA|Salida|N|2|GUADALUPE VICTORIA|H2|06:40|||0|
0050|TANQUE DEL CERRO - LA VENTURA|Salida|N|2|GUADALUPE VICTORIA|H3|18:40|||0|
0050|TANQUE DEL CERRO - LA VENTURA|Salida|N|3|TANQUE ESCONDIDO|H1|16:01|||0|
0050|TANQUE DEL CERRO - LA VENTURA|Salida|N|3|TANQUE ESCONDIDO|H2|06:41|07:27|-46|1|0
0050|TANQUE DEL CERRO - LA VENTURA|Salida|N|3|TANQUE ESCONDIDO|H3|18:41|19:23|-42|1|0
0050|TANQUE DEL CERRO - LA VENTURA|Salida|N|4|PRESA SAN PEDRO|H1|16:02|||0|
0050|TANQUE DEL CERRO - LA VENTURA|Salida|N|4|PRESA SAN PEDRO|H2|06:42|07:33|-51|1|0
0050|TANQUE DEL CERRO - LA VENTURA|Salida|N|4|PRESA SAN PEDRO|H3|18:42|||0|
0050|TANQUE DEL CERRO - LA VENTURA|Salida|N|5|PURISIMA|H1|16:03|||0|
0050|TANQUE DEL CERRO - LA VENTURA|Salida|N|5|PURISIMA|H2|06:43|||0|
0050|TANQUE DEL CERRO - LA VENTURA|Salida|N|5|PURISIMA|H3|18:43|19:41|-58|1|0
0050|TANQUE DEL CERRO - LA VENTURA|Salida|N|6|LA VENTURA|H1|17:00|||0|
0050|TANQUE DEL CERRO - LA VENTURA|Salida|N|6|LA VENTURA|H2|06:44|07:58|-74|1|0
0050|TANQUE DEL CERRO - LA VENTURA|Salida|N|6|LA VENTURA|H3|19:45|19:56|-11|1|0
0050|TANQUE DEL CERRO - LA VENTURA|Salida|N|7|TANQUE DEL CERRO|H1|17:20|||0|
0050|TANQUE DEL CERRO - LA VENTURA|Salida|N|7|TANQUE DEL CERRO|H2|08:05|||0|
0050|TANQUE DEL CERRO - LA VENTURA|Salida|N|7|TANQUE DEL CERRO|H3|20:05|20:06|-1|1|0
0151|TANQUE NUEVO|Entrada|A|1|MATEHUAPIL|H1|18:20|||0|
0151|TANQUE NUEVO|Entrada|A|1|MATEHUAPIL|H2|02:50|||0|
0151|TANQUE NUEVO|Entrada|A|1|MATEHUAPIL|H3|02:50|||0|
0151|TANQUE NUEVO|Entrada|A|1|MATEHUAPIL|H4|14:50|||0|
0151|TANQUE NUEVO|Entrada|A|1|MATEHUAPIL|H5|14:50||||
0151|TANQUE NUEVO|Entrada|A|1|MATEHUAPIL|H6|18:50||||
0151|TANQUE NUEVO|Entrada|A|2|TANQUE NUEVO|H1|18:30|||0|
0151|TANQUE NUEVO|Entrada|A|2|TANQUE NUEVO|H2|03:00|||0|
0151|TANQUE NUEVO|Entrada|A|2|TANQUE NUEVO|H3|03:00|||0|
0151|TANQUE NUEVO|Entrada|A|2|TANQUE NUEVO|H4|15:00|||0|
0151|TANQUE NUEVO|Entrada|A|2|TANQUE NUEVO|H5|15:00||||
0151|TANQUE NUEVO|Entrada|A|2|TANQUE NUEVO|H6|19:00||||
0151|TANQUE NUEVO|Entrada|A|3|CLAVELLINAS|H1|18:50|||0|
0151|TANQUE NUEVO|Entrada|A|3|CLAVELLINAS|H2|03:20|||0|
0151|TANQUE NUEVO|Entrada|A|3|CLAVELLINAS|H3|03:20|||0|
0151|TANQUE NUEVO|Entrada|A|3|CLAVELLINAS|H4|15:20|||0|
0151|TANQUE NUEVO|Entrada|A|3|CLAVELLINAS|H5|15:20||||
0151|TANQUE NUEVO|Entrada|A|3|CLAVELLINAS|H6|19:20||||
0151|TANQUE NUEVO|Entrada|A|4|EL SALVADOR|H1|19:10|||0|
0151|TANQUE NUEVO|Entrada|A|4|EL SALVADOR|H2|03:40|||0|
0151|TANQUE NUEVO|Entrada|A|4|EL SALVADOR|H3|03:40|||0|
0151|TANQUE NUEVO|Entrada|A|4|EL SALVADOR|H4|15:40|||0|
0151|TANQUE NUEVO|Entrada|A|4|EL SALVADOR|H5|15:40||||
0151|TANQUE NUEVO|Entrada|A|4|EL SALVADOR|H6|19:40||||
0151|TANQUE NUEVO|Entrada|A|5|LA VENTURA|H1|19:30|||0|
0151|TANQUE NUEVO|Entrada|A|5|LA VENTURA|H2|04:00|||0|
0151|TANQUE NUEVO|Entrada|A|5|LA VENTURA|H3|04:00|||0|
0151|TANQUE NUEVO|Entrada|A|5|LA VENTURA|H4|16:00|||0|
0151|TANQUE NUEVO|Entrada|A|5|LA VENTURA|H5|16:00||||
0151|TANQUE NUEVO|Entrada|A|5|LA VENTURA|H6|20:10||||
0151|TANQUE NUEVO|Entrada|A|6|PRESA SAN PEDRO|H1|19:45|||0|
0151|TANQUE NUEVO|Entrada|A|6|PRESA SAN PEDRO|H2|04:15|||0|
0151|TANQUE NUEVO|Entrada|A|6|PRESA SAN PEDRO|H3|04:15|||0|
0151|TANQUE NUEVO|Entrada|A|6|PRESA SAN PEDRO|H4|16:15|||0|
0151|TANQUE NUEVO|Entrada|A|6|PRESA SAN PEDRO|H5|16:15||||
0151|TANQUE NUEVO|Entrada|A|6|PRESA SAN PEDRO|H6|20:35||||
0151|TANQUE NUEVO|Entrada|A|7|TANQUE ESCONDIDO|H1|19:55|||0|
0151|TANQUE NUEVO|Entrada|A|7|TANQUE ESCONDIDO|H2|04:25|||0|
0151|TANQUE NUEVO|Entrada|A|7|TANQUE ESCONDIDO|H3|04:25|||0|
0151|TANQUE NUEVO|Entrada|A|7|TANQUE ESCONDIDO|H4|16:25|||0|
0151|TANQUE NUEVO|Entrada|A|7|TANQUE ESCONDIDO|H5|16:25||||
0151|TANQUE NUEVO|Entrada|A|7|TANQUE ESCONDIDO|H6|20:45||||
0151|TANQUE NUEVO|Entrada|A|8|METALSA|H1|21:20|||0|
0151|TANQUE NUEVO|Entrada|A|8|METALSA|H2|05:50|||0|
0151|TANQUE NUEVO|Entrada|A|8|METALSA|H3|05:50|||0|
0151|TANQUE NUEVO|Entrada|A|8|METALSA|H4|17:50|||0|
0151|TANQUE NUEVO|Entrada|A|8|METALSA|H5|17:50||||
0151|TANQUE NUEVO|Entrada|A|8|METALSA|H6|21:50||||
0036|TANQUE NUEVO|Salida|N|1|METALSA|H1|15:30|||0|
0036|TANQUE NUEVO|Salida|N|1|METALSA|H2|06:15|00:06|369|1|0
0036|TANQUE NUEVO|Salida|N|1|METALSA|H3|06:15|||0|
0036|TANQUE NUEVO|Salida|N|1|METALSA|H4|18:15||||
0036|TANQUE NUEVO|Salida|N|1|METALSA|H5|18:15||||
0036|TANQUE NUEVO|Salida|N|2|TANQUE ESCONDIDO|H1|16:55|||0|
0036|TANQUE NUEVO|Salida|N|2|TANQUE ESCONDIDO|H2|07:40|||0|
0036|TANQUE NUEVO|Salida|N|2|TANQUE ESCONDIDO|H3|07:40|||0|
0036|TANQUE NUEVO|Salida|N|2|TANQUE ESCONDIDO|H4|19:40||||
0036|TANQUE NUEVO|Salida|N|2|TANQUE ESCONDIDO|H5|19:40||||
0036|TANQUE NUEVO|Salida|N|3|PRESA SAN PEDRO|H1|17:05|||0|
0036|TANQUE NUEVO|Salida|N|3|PRESA SAN PEDRO|H2|07:50|||0|
0036|TANQUE NUEVO|Salida|N|3|PRESA SAN PEDRO|H3|07:50|||0|
0036|TANQUE NUEVO|Salida|N|3|PRESA SAN PEDRO|H4|19:50||||
0036|TANQUE NUEVO|Salida|N|3|PRESA SAN PEDRO|H5|19:50||||
0036|TANQUE NUEVO|Salida|N|4|LA VENTURA|H1|17:20|||0|
0036|TANQUE NUEVO|Salida|N|4|LA VENTURA|H2|08:05|||0|
0036|TANQUE NUEVO|Salida|N|4|LA VENTURA|H3|08:05|||0|
0036|TANQUE NUEVO|Salida|N|4|LA VENTURA|H4|20:05||||
0036|TANQUE NUEVO|Salida|N|4|LA VENTURA|H5|20:05||||
0036|TANQUE NUEVO|Salida|N|5|EL SALVADOR|H1|17:40|||0|
0036|TANQUE NUEVO|Salida|N|5|EL SALVADOR|H2|08:25|||0|
0036|TANQUE NUEVO|Salida|N|5|EL SALVADOR|H3|08:25|||0|
0036|TANQUE NUEVO|Salida|N|5|EL SALVADOR|H4|20:25||||
0036|TANQUE NUEVO|Salida|N|5|EL SALVADOR|H5|20:25||||
0036|TANQUE NUEVO|Salida|N|6|CLAVELLINAS|H1|18:00|||0|
0036|TANQUE NUEVO|Salida|N|6|CLAVELLINAS|H2|08:45|||0|
0036|TANQUE NUEVO|Salida|N|6|CLAVELLINAS|H3|08:45|||0|
0036|TANQUE NUEVO|Salida|N|6|CLAVELLINAS|H4|20:45||||
0036|TANQUE NUEVO|Salida|N|6|CLAVELLINAS|H5|20:45||||
0036|TANQUE NUEVO|Salida|N|7|TANQUE NUEVO|H1|18:20|||0|
0036|TANQUE NUEVO|Salida|N|7|TANQUE NUEVO|H2|09:05|||0|
0036|TANQUE NUEVO|Salida|N|7|TANQUE NUEVO|H3|09:05|||0|
0036|TANQUE NUEVO|Salida|N|7|TANQUE NUEVO|H4|21:05||||
0036|TANQUE NUEVO|Salida|N|7|TANQUE NUEVO|H5|21:05||||
0036|TANQUE NUEVO|Salida|N|8|MATEHUAPIL|H1|18:30|||0|
0036|TANQUE NUEVO|Salida|N|8|MATEHUAPIL|H2|09:15|||0|
0036|TANQUE NUEVO|Salida|N|8|MATEHUAPIL|H3|09:15|||0|
0036|TANQUE NUEVO|Salida|N|8|MATEHUAPIL|H4|21:15||||
0036|TANQUE NUEVO|Salida|N|8|MATEHUAPIL|H5|21:15||||
0023|TERESITAS|Entrada|N|1|BLVD ANTONIO CARDENAS Y HUACHICHILES|H1|05:05|05:15|-10|1|0
0023|TERESITAS|Entrada|N|1|BLVD ANTONIO CARDENAS Y HUACHICHILES|H2|17:05|17:03|2|1|0
0023|TERESITAS|Entrada|N|1|BLVD ANTONIO CARDENAS Y HUACHICHILES|H3|20:35|||0|
0023|TERESITAS|Entrada|N|1|BLVD ANTONIO CARDENAS Y HUACHICHILES|H4|21:05|||0|
0023|TERESITAS|Entrada|N|2|RAYADOS Y HUACHICHILES|H1|05:10|05:33|-23|1|0
0023|TERESITAS|Entrada|N|2|RAYADOS Y HUACHICHILES|H2|17:10|17:07|3|1|0
0023|TERESITAS|Entrada|N|2|RAYADOS Y HUACHICHILES|H3|20:40|||0|
0023|TERESITAS|Entrada|N|2|RAYADOS Y HUACHICHILES|H4|21:10|||0|
0023|TERESITAS|Entrada|N|3|SIERRA DE ZAPALINAME Y AV TERESITAS|H1|05:15|05:38|-23|1|0
0023|TERESITAS|Entrada|N|3|SIERRA DE ZAPALINAME Y AV TERESITAS|H2|17:15|17:12|3|1|0
0023|TERESITAS|Entrada|N|3|SIERRA DE ZAPALINAME Y AV TERESITAS|H3|20:45|||0|
0023|TERESITAS|Entrada|N|3|SIERRA DE ZAPALINAME Y AV TERESITAS|H4|21:15|||0|
0023|TERESITAS|Entrada|N|4|AV TERESITAS Y BLVD ANTONIO CARDENAS|H1|05:22|05:43|-21|1|0
0023|TERESITAS|Entrada|N|4|AV TERESITAS Y BLVD ANTONIO CARDENAS|H2|17:22|17:18|4|1|0
0023|TERESITAS|Entrada|N|4|AV TERESITAS Y BLVD ANTONIO CARDENAS|H3|20:52|||0|
0023|TERESITAS|Entrada|N|4|AV TERESITAS Y BLVD ANTONIO CARDENAS|H4|21:22|||0|
0023|TERESITAS|Entrada|N|5|LA ENCANTADA|H1|05:28|05:45|-17|1|0
0023|TERESITAS|Entrada|N|5|LA ENCANTADA|H2|17:28|17:20|8|1|0
0023|TERESITAS|Entrada|N|5|LA ENCANTADA|H3|20:58|||0|
0023|TERESITAS|Entrada|N|5|LA ENCANTADA|H4|21:28|||0|
0023|TERESITAS|Entrada|N|6|CAAR. SALTILLO-ZACATECAS|H1|05:32|05:50|-18|1|0
0023|TERESITAS|Entrada|N|6|CAAR. SALTILLO-ZACATECAS|H2|17:32|17:24|8|1|0
0023|TERESITAS|Entrada|N|6|CAAR. SALTILLO-ZACATECAS|H3|21:02|||0|
0023|TERESITAS|Entrada|N|6|CAAR. SALTILLO-ZACATECAS|H4|21:30|||0|
0023|TERESITAS|Entrada|N|7|METALSA|H1|05:50|06:05|-15|1|0
0023|TERESITAS|Entrada|N|7|METALSA|H2|17:50|17:37|13|1|0
0023|TERESITAS|Entrada|N|7|METALSA|H3|21:20|||0|
0023|TERESITAS|Entrada|N|7|METALSA|H4|21:50|||0|
0051|TERESITAS|Salida|N|1|METALSA|H1|06:15|06:22|-7|1|0
0051|TERESITAS|Salida|N|1|METALSA|H2|15:30|||0|
0051|TERESITAS|Salida|N|1|METALSA|H3|18:15|18:17|-2|1|0
0051|TERESITAS|Salida|N|2|CARR. SALTILLO-ZACATECAS|H1|06:33|||0|
0051|TERESITAS|Salida|N|2|CARR. SALTILLO-ZACATECAS|H2|15:48|||0|
0051|TERESITAS|Salida|N|2|CARR. SALTILLO-ZACATECAS|H3|18:33|||0|
0051|TERESITAS|Salida|N|3|LA ENCANTADA|H1|06:37|||0|
0051|TERESITAS|Salida|N|3|LA ENCANTADA|H2|15:52|||0|
0051|TERESITAS|Salida|N|3|LA ENCANTADA|H3|18:37|19:00|-23|1|0
0051|TERESITAS|Salida|N|4|AV TERESITAS Y BLVD ANTONIO CARDENAS|H1|06:43|||0|
0051|TERESITAS|Salida|N|4|AV TERESITAS Y BLVD ANTONIO CARDENAS|H2|15:58|||0|
0051|TERESITAS|Salida|N|4|AV TERESITAS Y BLVD ANTONIO CARDENAS|H3|18:43|||0|
0051|TERESITAS|Salida|N|5|SIERRA DE ZAPALINAME Y AV TERESITAS|H1|06:50|||0|
0051|TERESITAS|Salida|N|5|SIERRA DE ZAPALINAME Y AV TERESITAS|H2|16:05|||0|
0051|TERESITAS|Salida|N|5|SIERRA DE ZAPALINAME Y AV TERESITAS|H3|18:50|||0|
0051|TERESITAS|Salida|N|6|RAYADOS Y HUACHICHILES|H1|06:55|||0|
0051|TERESITAS|Salida|N|6|RAYADOS Y HUACHICHILES|H2|16:10|||0|
0051|TERESITAS|Salida|N|6|RAYADOS Y HUACHICHILES|H3|18:55|||0|
0051|TERESITAS|Salida|N|7|BLVD ANTONIO CARDENAS Y HUACHICHILES|H1|07:00|||0|
0051|TERESITAS|Salida|N|7|BLVD ANTONIO CARDENAS Y HUACHICHILES|H2|16:15|||0|
0051|TERESITAS|Salida|N|7|BLVD ANTONIO CARDENAS Y HUACHICHILES|H3|19:00|19:01|-1|1|0
0025|VALENCIA|Entrada|N|1|LA RIOJA Y JEREZ|H1|04:30|04:29|1|1|0
0025|VALENCIA|Entrada|N|1|LA RIOJA Y JEREZ|H2|16:30|16:28|2|1|0
0025|VALENCIA|Entrada|N|1|LA RIOJA Y JEREZ|H3|20:00|||0|
0025|VALENCIA|Entrada|N|1|LA RIOJA Y JEREZ|H4|20:30|||0|
0025|VALENCIA|Entrada|N|2|PERIFERICO LEA Y VITO ALESSIO|H1|04:40|04:45|-5|1|0
0025|VALENCIA|Entrada|N|2|PERIFERICO LEA Y VITO ALESSIO|H2|16:40|16:46|-6|1|0
0025|VALENCIA|Entrada|N|2|PERIFERICO LEA Y VITO ALESSIO|H3|20:10|||0|
0025|VALENCIA|Entrada|N|2|PERIFERICO LEA Y VITO ALESSIO|H4|20:40|||0|
0025|VALENCIA|Entrada|N|3|CARLOS S. Y RANCHO DE PEÑA|H1|04:45|04:50|-5|1|0
0025|VALENCIA|Entrada|N|3|CARLOS S. Y RANCHO DE PEÑA|H2|16:45|16:50|-5|1|0
0025|VALENCIA|Entrada|N|3|CARLOS S. Y RANCHO DE PEÑA|H3|20:15|||0|
0025|VALENCIA|Entrada|N|3|CARLOS S. Y RANCHO DE PEÑA|H4|20:45|||0|
0025|VALENCIA|Entrada|N|4|ALVARO OBREGON|H1|04:55|04:57|-2|1|0
0025|VALENCIA|Entrada|N|4|ALVARO OBREGON|H2|16:55|16:58|-3|1|0
0025|VALENCIA|Entrada|N|4|ALVARO OBREGON|H3|20:25|||0|
0025|VALENCIA|Entrada|N|4|ALVARO OBREGON|H4|20:55|||0|
0025|VALENCIA|Entrada|N|5|MIGUEL HIDALGO Y PEDRO ARANDA|H1|05:00|05:07|-7|1|0
0025|VALENCIA|Entrada|N|5|MIGUEL HIDALGO Y PEDRO ARANDA|H2|17:00|17:12|-12|1|0
0025|VALENCIA|Entrada|N|5|MIGUEL HIDALGO Y PEDRO ARANDA|H3|20:30|||0|
0025|VALENCIA|Entrada|N|5|MIGUEL HIDALGO Y PEDRO ARANDA|H4|21:00|||0|
0025|VALENCIA|Entrada|N|6|PERIFERICO LEA Y W. GONZALEZ|H1|05:05|05:12|-7|1|0
0025|VALENCIA|Entrada|N|6|PERIFERICO LEA Y W. GONZALEZ|H2|17:05|17:18|-13|1|0
0025|VALENCIA|Entrada|N|6|PERIFERICO LEA Y W. GONZALEZ|H3|20:35|||0|
0025|VALENCIA|Entrada|N|6|PERIFERICO LEA Y W. GONZALEZ|H4|21:05|||0|
0025|VALENCIA|Entrada|N|7|CTO DE LA CAÑADA Y BLVD CARDENAS|H1|05:15|05:19|-4|1|0
0025|VALENCIA|Entrada|N|7|CTO DE LA CAÑADA Y BLVD CARDENAS|H2|17:15|17:24|-9|1|0
0025|VALENCIA|Entrada|N|7|CTO DE LA CAÑADA Y BLVD CARDENAS|H3|20:45|||0|
0025|VALENCIA|Entrada|N|7|CTO DE LA CAÑADA Y BLVD CARDENAS|H4|21:15|||0|
0025|VALENCIA|Entrada|N|8|METALSA|H1|05:50|05:47|3|1|0
0025|VALENCIA|Entrada|N|8|METALSA|H2|17:50|17:43|7|1|0
0025|VALENCIA|Entrada|N|8|METALSA|H3|21:20|||0|
0025|VALENCIA|Entrada|N|8|METALSA|H4|21:50|||0|
0053|VALENCIA|Salida|N|1|METALSA|H1|06:15|06:17|-2|1|0
0053|VALENCIA|Salida|N|1|METALSA|H2|15:30|||0|
0053|VALENCIA|Salida|N|1|METALSA|H3|18:15|18:16|-1|1|0
0053|VALENCIA|Salida|N|2|CTO DE LA CAÑADA Y BLVD CARDENAS|H1|06:50|06:39|11|1|0
0053|VALENCIA|Salida|N|2|CTO DE LA CAÑADA Y BLVD CARDENAS|H2|16:05|||0|
0053|VALENCIA|Salida|N|2|CTO DE LA CAÑADA Y BLVD CARDENAS|H3|18:50|19:03|-13|1|0
0053|VALENCIA|Salida|N|3|PERIFERICO LEA Y W. GONZALEZ|H1|07:00|06:46|14|1|0
0053|VALENCIA|Salida|N|3|PERIFERICO LEA Y W. GONZALEZ|H2|16:15|||0|
0053|VALENCIA|Salida|N|3|PERIFERICO LEA Y W. GONZALEZ|H3|19:00|19:09|-9|1|0
0053|VALENCIA|Salida|N|4|MIGUEL HIDALGO Y PEDRO ARANDA|H1|07:05|06:50|15|1|0
0053|VALENCIA|Salida|N|4|MIGUEL HIDALGO Y PEDRO ARANDA|H2|16:20|||0|
0053|VALENCIA|Salida|N|4|MIGUEL HIDALGO Y PEDRO ARANDA|H3|19:05|19:14|-9|1|0
0053|VALENCIA|Salida|N|5|ALVARO OBREGON|H1|07:10|||0|
0053|VALENCIA|Salida|N|5|ALVARO OBREGON|H2|16:25|||0|
0053|VALENCIA|Salida|N|5|ALVARO OBREGON|H3|19:10|19:23|-13|1|0
0053|VALENCIA|Salida|N|6|CARLOS S. Y RANCHO DE PEÑA|H1|07:20|07:06|14|1|0
0053|VALENCIA|Salida|N|6|CARLOS S. Y RANCHO DE PEÑA|H2|16:35|||0|
0053|VALENCIA|Salida|N|6|CARLOS S. Y RANCHO DE PEÑA|H3|19:20|19:35|-15|1|0
0053|VALENCIA|Salida|N|7|PERIFERICO LEA Y VITO ALESSIO|H1|07:25|||0|
0053|VALENCIA|Salida|N|7|PERIFERICO LEA Y VITO ALESSIO|H2|16:40|||0|
0053|VALENCIA|Salida|N|7|PERIFERICO LEA Y VITO ALESSIO|H3|19:25|19:38|-13|1|0
0053|VALENCIA|Salida|N|8|LA RIOJA Y JEREZ|H1|07:35|||0|
0053|VALENCIA|Salida|N|8|LA RIOJA Y JEREZ|H2|16:50|||0|
0053|VALENCIA|Salida|N|8|LA RIOJA Y JEREZ|H3|19:35|19:54|-19|1|0
0026|ZARAGOZA|Entrada|N|1|FCO. EALY ORTIZ Y EUCALIPTO|H1|04:25|04:29|-4|1|0
0026|ZARAGOZA|Entrada|N|1|FCO. EALY ORTIZ Y EUCALIPTO|H2|16:25|16:29|-4|1|0
0026|ZARAGOZA|Entrada|N|1|FCO. EALY ORTIZ Y EUCALIPTO|H3|19:55|||0|
0026|ZARAGOZA|Entrada|N|1|FCO. EALY ORTIZ Y EUCALIPTO|H4|20:25|||0|
0026|ZARAGOZA|Entrada|N|2|CHOPO Y EUCALIPTO|H1|04:26|04:30|-4|1|0
0026|ZARAGOZA|Entrada|N|2|CHOPO Y EUCALIPTO|H2|16:26|16:30|-4|1|0
0026|ZARAGOZA|Entrada|N|2|CHOPO Y EUCALIPTO|H3|19:56|||0|
0026|ZARAGOZA|Entrada|N|2|CHOPO Y EUCALIPTO|H4|20:26|||0|
0026|ZARAGOZA|Entrada|N|3|FUNDADORES Y BLVD. MIRASIERRA|H1|04:36|04:40|-4|1|0
0026|ZARAGOZA|Entrada|N|3|FUNDADORES Y BLVD. MIRASIERRA|H2|16:36|16:39|-3|1|0
0026|ZARAGOZA|Entrada|N|3|FUNDADORES Y BLVD. MIRASIERRA|H3|20:06|||0|
0026|ZARAGOZA|Entrada|N|3|FUNDADORES Y BLVD. MIRASIERRA|H4|20:36|||0|
0026|ZARAGOZA|Entrada|N|4|CALLE 34 Y JUAN NAVARRO|H1|04:51|04:56|-5|1|0
0026|ZARAGOZA|Entrada|N|4|CALLE 34 Y JUAN NAVARRO|H2|16:51|16:55|-4|1|0
0026|ZARAGOZA|Entrada|N|4|CALLE 34 Y JUAN NAVARRO|H3|20:21|||0|
0026|ZARAGOZA|Entrada|N|4|CALLE 34 Y JUAN NAVARRO|H4|20:51|||0|
0026|ZARAGOZA|Entrada|N|5|PERIF LEA Y 12 DE OCTUBRE (FIRST CASH)|H1|05:03|05:09|-6|1|0
0026|ZARAGOZA|Entrada|N|5|PERIF LEA Y 12 DE OCTUBRE (FIRST CASH)|H2|17:03|17:14|-11|1|0
0026|ZARAGOZA|Entrada|N|5|PERIF LEA Y 12 DE OCTUBRE (FIRST CASH)|H3|20:33|||0|
0026|ZARAGOZA|Entrada|N|5|PERIF LEA Y 12 DE OCTUBRE (FIRST CASH)|H4|21:03|||0|
0026|ZARAGOZA|Entrada|N|6|GIMNACIO MUNICIPAL|H1|05:05|05:12|-7|1|0
0026|ZARAGOZA|Entrada|N|6|GIMNACIO MUNICIPAL|H2|17:05|17:16|-11|1|0
0026|ZARAGOZA|Entrada|N|6|GIMNACIO MUNICIPAL|H3|20:35|||0|
0026|ZARAGOZA|Entrada|N|6|GIMNACIO MUNICIPAL|H4|21:05|||0|
0026|ZARAGOZA|Entrada|N|7|L.E.A. Y J. MERY|H1|05:07|05:14|-7|1|0
0026|ZARAGOZA|Entrada|N|7|L.E.A. Y J. MERY|H2|17:07|17:19|-12|1|0
0026|ZARAGOZA|Entrada|N|7|L.E.A. Y J. MERY|H3|20:37|||0|
0026|ZARAGOZA|Entrada|N|7|L.E.A. Y J. MERY|H4|21:07|||0|
0026|ZARAGOZA|Entrada|N|8|VILLA UNIVERSIDAD|H1|05:09|05:16|-7|1|0
0026|ZARAGOZA|Entrada|N|8|VILLA UNIVERSIDAD|H2|17:09|17:20|-11|1|0
0026|ZARAGOZA|Entrada|N|8|VILLA UNIVERSIDAD|H3|20:39|||0|
0026|ZARAGOZA|Entrada|N|8|VILLA UNIVERSIDAD|H4|21:09|||0|
0026|ZARAGOZA|Entrada|N|9|ARIZPE DE LA MAZA Y CARR. 54|H1|05:15|05:19|-4|1|0
0026|ZARAGOZA|Entrada|N|9|ARIZPE DE LA MAZA Y CARR. 54|H2|17:15|17:23|-8|1|0
0026|ZARAGOZA|Entrada|N|9|ARIZPE DE LA MAZA Y CARR. 54|H3|20:45|||0|
0026|ZARAGOZA|Entrada|N|9|ARIZPE DE LA MAZA Y CARR. 54|H4|21:15|||0|
0026|ZARAGOZA|Entrada|N|10|METALSA|H1|05:50|05:48|2|1|0
0026|ZARAGOZA|Entrada|N|10|METALSA|H2|17:50|17:46|4|1|0
0026|ZARAGOZA|Entrada|N|10|METALSA|H3|21:20|||0|
0026|ZARAGOZA|Entrada|N|10|METALSA|H4|21:50|||0|
0054|ZARAGOZA|Salida|N|1|METALSA|H1|06:15|06:17|-2|1|0
0054|ZARAGOZA|Salida|N|1|METALSA|H2|15:30|||0|
0054|ZARAGOZA|Salida|N|1|METALSA|H3|18:15|18:24|-9|1|0
0054|ZARAGOZA|Salida|N|2|ARIZPE DE LA MAZA Y CARR. 54|H1|06:44|||0|
0054|ZARAGOZA|Salida|N|2|ARIZPE DE LA MAZA Y CARR. 54|H2|15:59|||0|
0054|ZARAGOZA|Salida|N|2|ARIZPE DE LA MAZA Y CARR. 54|H3|18:44|||0|
0054|ZARAGOZA|Salida|N|3|VILLA UNIVERSIDAD|H1|06:46|||0|
0054|ZARAGOZA|Salida|N|3|VILLA UNIVERSIDAD|H2|16:01|||0|
0054|ZARAGOZA|Salida|N|3|VILLA UNIVERSIDAD|H3|18:45|||0|
0054|ZARAGOZA|Salida|N|4|L.E.A. Y J. MERY|H1|06:49|||0|
0054|ZARAGOZA|Salida|N|4|L.E.A. Y J. MERY|H2|16:04|||0|
0054|ZARAGOZA|Salida|N|4|L.E.A. Y J. MERY|H3|18:49|||0|
0054|ZARAGOZA|Salida|N|5|GIMNACIO MUNICIPAL|H1|06:51|06:41|10|1|0
0054|ZARAGOZA|Salida|N|5|GIMNACIO MUNICIPAL|H2|16:06|||0|
0054|ZARAGOZA|Salida|N|5|GIMNACIO MUNICIPAL|H3|18:51|19:26|-35|1|0
0054|ZARAGOZA|Salida|N|6|PERIF LEA Y 12 DE OCTUBRE (FIRST CASH)|H1|07:00|06:44|16|1|0
0054|ZARAGOZA|Salida|N|6|PERIF LEA Y 12 DE OCTUBRE (FIRST CASH)|H2|16:10|||0|
0054|ZARAGOZA|Salida|N|6|PERIF LEA Y 12 DE OCTUBRE (FIRST CASH)|H3|19:00|19:07|-7|1|0
0054|ZARAGOZA|Salida|N|7|CALLE 34 Y JUAN NAVARRO|H1|07:04|||0|
0054|ZARAGOZA|Salida|N|7|CALLE 34 Y JUAN NAVARRO|H2|16:19|||0|
0054|ZARAGOZA|Salida|N|7|CALLE 34 Y JUAN NAVARRO|H3|19:04|||0|
0054|ZARAGOZA|Salida|N|8|FUNDADORES Y BLVD. MIRASIERRA|H1|07:19|07:08|11|1|0
0054|ZARAGOZA|Salida|N|8|FUNDADORES Y BLVD. MIRASIERRA|H2|16:34|||0|
0054|ZARAGOZA|Salida|N|8|FUNDADORES Y BLVD. MIRASIERRA|H3|19:19|||0|
0054|ZARAGOZA|Salida|N|9|CHOPO Y EUCALIPTO|H1|07:29|||0|
0054|ZARAGOZA|Salida|N|9|CHOPO Y EUCALIPTO|H2|16:44|||0|
0054|ZARAGOZA|Salida|N|9|CHOPO Y EUCALIPTO|H3|19:29|||0|
0054|ZARAGOZA|Salida|N|10|FCO. EALY ORTIZ Y EUCALIPTO|H1|07:30|||0|
0054|ZARAGOZA|Salida|N|10|FCO. EALY ORTIZ Y EUCALIPTO|H2|16:45|||0|
0054|ZARAGOZA|Salida|N|10|FCO. EALY ORTIZ Y EUCALIPTO|H3|19:30|||0|